timestamp,roll_body,pitch_body,yaw_body,yaw_sp_move_rate,q_d[0],q_d[1],q_d[2],q_d[3],thrust,landing_gear,q_d_valid,roll_reset_integral,pitch_reset_integral,yaw_reset_integral,fw_control_yaw,disable_mc_yaw_control,apply_flaps
362154762,0.00209991,-0.00128825,-0.179013,0.0,0.995996,0.000988178,-0.000735398,-0.0893861,0.437329,-1.0,1,0,0,0,0,0,0
362257190,0.00150846,-0.00246844,-0.179013,0.0,0.995996,0.000640888,-0.0012967,-0.0893859,0.513982,-1.0,1,0,0,0,0,0,0
362358614,0.00515928,-0.00493161,-0.179013,0.0,0.995991,0.00234889,-0.00268651,-0.08938,0.5917,-1.0,1,0,0,0,0,0,0
362460055,0.00453985,-0.00380888,-0.179013,0.0,0.995993,0.0020906,-0.00209971,-0.0893822,0.667859,-1.0,1,0,0,0,0,0,0
363962704,0.0774184,0.032342,-0.179013,0.0,0.995065,0.0399839,0.0126347,-0.0899315,0.265835,-1.0,1,0,0,0,0,0,0
364064383,-0.0112021,0.0163394,-0.179013,0.0,0.995952,-0.00484817,0.00863741,-0.0893369,0.261282,-1.0,1,0,0,0,0,0,0
364165597,0.0229322,-0.0612427,-0.179013,0.0,0.995496,0.00867804,-0.0315164,-0.0889894,0.268323,-1.0,1,0,0,0,0,0,0
364267623,0.0317719,0.029991,-0.179013,0.0,0.995738,0.0171601,0.0135132,-0.0896028,0.272977,-1.0,1,0,0,0,0,0,0
364369041,-0.0301239,0.00101421,-0.179013,0.0,0.995885,-0.0149558,0.00185131,-0.0893691,0.27582,-1.0,1,0,0,0,0,0,0
364470786,0.0725536,0.0175761,-0.179013,0.0,0.995275,0.0369072,0.00550517,-0.089642,0.274044,-1.0,1,0,0,0,0,0,0
364573079,0.0371397,0.00158881,-0.179013,0.0,0.995824,0.0185654,-0.000868713,-0.0893861,0.275719,-1.0,1,0,0,0,0,0,0
364674398,-0.0199904,-0.0398341,-0.179013,0.0,0.995732,-0.0117332,-0.0189418,-0.0895629,0.280787,-1.0,1,0,0,0,0,0,0
364776293,0.0415167,0.0168477,-0.179013,0.0,0.995731,0.0214258,0.00653292,-0.0895386,0.276074,-1.0,1,0,0,0,0,0,0
364877966,-0.0220335,-0.0418281,-0.179013,0.0,0.995698,-0.0128392,-0.019843,-0.0895913,0.283361,-1.0,1,0,0,0,0,0,0
364979427,0.225528,0.0954511,-0.179013,0.0,0.988065,0.116184,0.0371679,-0.0940648,0.297196,-1.0,1,0,0,0,0,0,0
365081979,0.0126953,0.0115621,-0.179013,0.0,0.995957,0.00683884,0.00519038,-0.0894201,0.308832,-1.0,1,0,0,0,0,0,0
365183214,0.136966,-0.00384175,-0.179013,0.0,0.993672,0.0679842,-0.00802539,-0.0890463,0.315653,-1.0,1,0,0,0,0,0,0
365284804,0.0827544,0.00167872,-0.179013,0.0,0.995141,0.0412747,-0.00286224,-0.0893449,0.320359,-1.0,1,0,0,0,0,0,0
365386718,-0.0105302,-0.0344155,-0.179013,0.0,0.995828,-0.00678126,-0.0166672,-0.0894626,0.316566,-1.0,1,0,0,0,0,0,0
365488031,0.155072,-0.00712649,-0.179013,0.0,0.993023,0.0768301,-0.010462,-0.0888428,0.318686,-1.0,1,0,0,0,0,0,0
365586830,-0.0224942,0.00442343,-0.179013,0.0,0.995934,-0.0110041,0.00320804,-0.0893562,0.324286,-1.0,1,0,0,0,0,0,0
365688084,-0.00189191,0.0177194,-0.179013,0.0,0.995958,-0.000150201,0.00890865,-0.089375,0.323509,-1.0,1,0,0,0,0,0,0
365789614,0.128991,-0.00330425,-0.179013,0.0,0.993934,0.0640451,-0.00740312,-0.0890948,0.330287,-1.0,1,0,0,0,0,0,0
365891415,0.0828549,-0.00561748,-0.179013,0.0,0.995149,0.0409988,-0.00649709,-0.0891939,0.334874,-1.0,1,0,0,0,0,0,0
365992797,-0.0293453,-0.000860101,-0.179013,0.0,0.995889,-0.0146518,0.000883214,-0.0893835,0.343714,-1.0,1,0,0,0,0,0,0
366094410,-0.107926,-0.00692379,-0.179013,0.0,0.994525,-0.0540297,0.00137821,-0.0894422,0.347466,-1.0,1,0,0,0,0,0,0
366197234,0.00326723,-0.0160346,-0.179013,0.0,0.995965,0.000910389,-0.00813114,-0.0893708,0.352709,-1.0,1,0,0,0,0,0,0
366298415,0.00763385,-0.0164164,-0.179013,0.0,0.995959,0.00306782,-0.00851638,-0.089352,0.354651,-1.0,1,0,0,0,0,0,0
366400114,0.0148573,-0.0155748,-0.179013,0.0,0.995944,0.00670254,-0.00841991,-0.0893241,0.361488,-1.0,1,0,0,0,0,0,0
366502415,-0.0232459,-0.0527067,-0.179013,0.0,0.995557,-0.0139274,-0.0252045,-0.0896548,0.368232,-1.0,1,0,0,0,0,0,0
366604111,0.0358594,-0.0132012,-0.179013,0.0,0.995826,0.0172667,-0.00817563,-0.0892527,0.358928,-1.0,1,0,0,0,0,0,0
366705925,0.0853534,-0.0208996,-0.179013,0.0,0.995076,0.0415574,-0.0142117,-0.0888566,0.345397,-1.0,1,0,0,0,0,0,0
366807226,0.0259035,-0.0258476,-0.179013,0.0,0.995845,0.0117434,-0.0140282,-0.0892052,0.33796,-1.0,1,0,0,0,0,0,0
366908777,0.0334683,-0.0119614,-0.179013,0.0,0.995849,0.0161316,-0.0074516,-0.0892731,0.329205,-1.0,1,0,0,0,0,0,0
367010661,0.0425861,0.0220098,-0.179013,0.0,0.99569,0.0221884,0.00905507,-0.0895946,0.323147,-1.0,1,0,0,0,0,0,0
367108398,-0.0134606,0.0212635,-0.179013,0.0,0.995925,-0.00575265,0.0111903,-0.0893085,0.319892,-1.0,1,0,0,0,0,0,0
367210619,0.121224,0.00718893,-0.179013,0.0,0.994142,0.0606529,-0.00184108,-0.089439,0.251723,-1.0,1,0,0,0,0,0,0
367311983,-0.07216,0.0667271,-0.179013,0.0,0.994902,-0.032928,0.0364248,-0.0880805,0.196564,-1.0,1,0,0,0,0,0,0
367413862,0.293748,0.13813,-0.179013,0.0,0.982022,0.151515,0.0549438,-0.0982726,0.160815,-1.0,1,0,0,0,0,0,0
367515265,0.175864,-0.0424238,-0.179013,0.0,0.992092,0.085559,-0.0288919,-0.0871663,0.135964,-1.0,1,0,0,0,0,0,0
367617987,-0.0166577,0.0975075,-0.179013,0.0,0.994815,-0.00392947,0.0492813,-0.0888733,0.129661,-1.0,1,0,0,0,0,0,0
367720223,-0.0264817,0.020172,-0.179013,0.0,0.995871,-0.0122853,0.0112281,-0.0892415,0.12788,-1.0,1,0,0,0,0,0,0
367820939,0.0170626,-0.157512,0.0170983,0.0,0.996822,0.00917699,-0.078596,0.00919341,0.124753,1.0,1,0,0,0,0,0,0
367922691,-0.0305605,-0.319522,0.0175037,0.0,0.987134,-0.0136924,-0.15919,0.00620867,0.129371,1.0,1,0,0,0,0,0,0
368024335,-0.0133082,-0.475515,0.0180518,0.0,0.971822,-0.00434084,-0.235567,0.00720458,0.152474,1.0,1,0,0,0,0,0,0
368126467,0.0984675,-0.624955,0.0184626,0.0,0.950242,0.049663,-0.306599,0.0239021,0.173587,1.0,1,0,0,0,0,0,0
368229074,-0.0147147,-0.585424,0.0190499,0.0,0.957416,-0.00429571,-0.288596,0.00699656,0.183784,1.0,1,0,0,0,0,0,0
368330107,0.113765,-0.590022,0.0196019,0.0,0.955043,0.0572383,-0.289733,0.0258912,0.205379,1.0,1,0,0,0,0,0,0
368431266,0.0798371,-0.598121,0.0201805,0.0,0.954685,0.0411051,-0.293988,0.0213917,0.228277,1.0,1,0,0,0,0,0,0
368533209,0.0846485,-0.525826,0.0202181,0.0,0.964612,0.0434805,-0.259236,0.0207487,0.232016,1.0,1,0,0,0,0,0,0
368631573,0.0520978,-0.503882,0.0196372,0.0,0.967991,0.0276692,-0.24894,0.0159978,0.244468,1.0,1,0,0,0,0,0,0
368732898,-0.0162761,-0.649135,0.0181566,0.0,0.947742,-0.00481782,-0.318945,0.00600881,0.272231,1.0,1,0,0,0,0,0,0
368834458,0.0372483,-0.42003,0.015153,0.0,0.977801,0.0197926,-0.208295,0.011291,0.243555,1.0,1,0,0,0,0,0,0
368936356,-0.0955285,-0.430918,0.0113379,0.0,0.975806,-0.0454308,-0.213813,-0.00467621,0.245507,1.0,1,0,0,0,0,0,0
369037595,0.0341491,-0.219927,0.00205992,0.0,0.993813,0.0170836,-0.109709,0.00289729,0.224373,1.0,1,0,0,0,0,0,0
369140338,-0.136836,-0.303805,-0.00618842,0.0,0.986136,-0.0680442,-0.150755,-0.0133962,0.217404,1.0,1,0,0,0,0,0,0
369241942,0.127618,-0.265766,-0.0145672,0.0,0.989202,0.0622391,-0.13268,0.00124362,0.204123,1.0,1,0,0,0,0,0,0
369343483,0.0294713,-0.324535,-0.0269707,0.0,0.986699,0.0123619,-0.16172,-0.010926,0.175355,1.0,1,0,0,0,0,0,0
369444871,0.038931,-0.302819,-0.0370604,0.0,0.988257,0.0164441,-0.151134,-0.0153783,0.164566,1.0,1,0,0,0,0,0,0
369546718,0.0451412,-0.265619,-0.0509657,0.0,0.990696,0.0189895,-0.132913,-0.0222617,0.156718,1.0,1,0,0,0,0,0,0
369650673,0.00897058,-0.246371,-0.0644183,0.0,0.991915,0.000492025,-0.122953,-0.0314084,0.156388,1.0,1,0,0,0,0,0,0
369754487,-0.178929,-0.280683,-0.0816559,0.0,0.984876,-0.0940796,-0.135595,-0.052741,0.166903,1.0,1,0,0,0,0,0,0
369856035,-0.284832,-0.361455,-0.10131,0.0,0.971213,-0.148453,-0.170628,-0.0747837,0.1779,1.0,1,0,0,0,0,0,0
369957961,-0.222577,-0.328528,-0.124222,0.0,0.977418,-0.11944,-0.155401,-0.078983,0.159841,1.0,1,0,0,0,0,0,0
370059290,-0.11192,-0.244236,-0.146594,0.0,0.987839,-0.0642717,-0.117232,-0.0793672,0.154357,1.0,1,0,0,0,0,0,0
370156850,-0.156361,-0.27965,-0.178807,0.0,0.982301,-0.0894351,-0.131484,-0.0989846,0.17641,1.0,1,0,0,0,0,0,0
370259514,-0.0676814,-0.20247,-0.216902,0.0,0.988099,-0.0443958,-0.0967675,-0.111022,0.165329,1.0,1,0,0,0,0,0,0
370361073,-0.0677184,-0.137893,-0.267197,0.0,0.987857,-0.0426426,-0.0637402,-0.13512,0.152332,1.0,1,0,0,0,0,0,0
370462426,-0.144629,-0.181835,-0.331715,0.0,0.978554,-0.0859162,-0.077433,-0.170457,0.159591,1.0,1,0,0,0,0,0,0
370564085,-0.162995,-0.296616,-0.377007,0.0,0.966024,-0.106685,-0.129578,-0.196533,0.175361,1.0,1,0,0,0,0,0,0
370666441,-0.331555,0.726,-0.377007,0.0,0.916667,-0.0859074,0.372916,-0.115219,0.154641,1.0,1,0,0,0,0,0,0
370769397,-0.374391,0.707894,-0.377007,0.0,0.917386,-0.107661,0.367227,-0.109341,0.156884,1.0,1,0,0,0,0,0,0
370870012,-0.31746,0.731313,-0.377007,0.0,0.916405,-0.0788387,0.374474,-0.117284,0.201857,1.0,1,0,0,0,0,0,0
370971324,-0.272996,0.628252,-0.377007,0.0,0.933409,-0.0697617,0.32494,-0.135262,0.208688,1.0,1,0,0,0,0,0,0
371074032,-0.304776,0.365878,-0.377007,0.0,0.959876,-0.112927,0.204598,-0.155001,0.199934,1.0,1,0,0,0,0,0,0
371176798,-0.23626,0.274045,-0.377007,0.0,0.969314,-0.0892649,0.155117,-0.168526,0.278309,1.0,1,0,0,0,0,0,0
371281234,-0.174389,0.21614,-0.377007,0.0,0.974605,-0.0649076,0.12177,-0.176362,0.323387,1.0,1,0,0,0,0,0,0
371382440,-0.217153,0.163193,-0.377007,0.0,0.974908,-0.0909064,0.0998293,-0.17699,0.337414,1.0,1,0,0,0,0,0,0
371484308,-0.105421,0.276177,-0.377007,0.0,0.972943,-0.0255018,0.144803,-0.178224,0.291149,1.0,1,0,0,0,0,0,0
371583533,-0.125622,0.220508,-0.377007,0.0,0.97569,-0.0407054,0.119559,-0.1791,0.254216,1.0,1,0,0,0,0,0,0
371684075,-0.115245,0.196756,-0.377007,0.0,0.976974,-0.0379222,0.107059,-0.180617,0.231151,1.0,1,0,0,0,0,0,0
371786022,0.0,-0.0,-0.377007,0.0,0.982286,0.0,-0.0,-0.187389,0.12,1.0,1,0,0,0,0,0,0
371887333,-0.0250255,0.251909,-0.377007,0.0,0.974723,0.0113449,0.125713,-0.184346,0.234147,1.0,1,0,0,0,0,0,0
371989078,0.143841,0.092262,-0.377007,0.0,0.978083,0.0791295,0.0317295,-0.189961,0.236052,1.0,1,0,0,0,0,0,0
372090455,0.101694,0.197322,-0.377007,0.0,0.975307,0.0681162,0.0871535,-0.191154,0.231324,1.0,1,0,0,0,0,0,0
372194383,0.0248636,0.191958,-0.377007,0.0,0.977466,0.0301115,0.0918081,-0.187682,0.22666,1.0,1,0,0,0,0,0,0
372294694,-0.0480773,0.0347239,-0.377007,0.0,0.981932,-0.0203546,0.0215521,-0.186897,0.209894,1.0,1,0,0,0,0,0,0
372396033,0.0821622,0.122382,-0.377007,0.0,0.97915,0.0517162,0.0523373,-0.189348,0.207422,1.0,1,0,0,0,0,0,0
372497671,0.269973,0.136446,-0.377007,0.0,0.969367,0.144543,0.0411937,-0.194264,0.211053,1.0,1,0,0,0,0,0,0
372600429,0.25007,0.116368,-0.377007,0.0,0.971609,0.133105,0.0333458,-0.192735,0.222946,1.0,1,0,0,0,0,0,0
372701616,0.20345,0.0551528,-0.377007,0.0,0.976312,0.104853,0.0079224,-0.1891,0.22436,1.0,1,0,0,0,0,0,0
372804346,0.0395665,-0.380905,-0.898576,0.0,0.885923,-0.0647064,-0.178919,-0.423015,0.203482,1.0,1,0,0,0,0,0,0
372905114,0.0343327,-0.259875,-0.895764,0.0,0.894599,-0.0407621,-0.124146,-0.427339,0.218825,1.0,1,0,0,0,0,0,0
373007809,0.0396805,-0.242821,-0.892858,0.0,0.896216,-0.0345168,-0.117724,-0.426317,0.222157,1.0,1,0,0,0,0,0,0
373108035,0.231742,-0.0429563,-0.890338,0.0,0.897348,0.0951342,-0.0690257,-0.425383,0.204667,1.0,1,0,0,0,0,0,0
373210707,0.217918,0.0081099,-0.887659,0.0,0.897562,0.0999378,-0.0430538,-0.427249,0.223354,1.0,1,0,0,0,0,0,0
373312263,0.137457,0.0872333,-0.885422,0.0,0.89932,0.0806295,0.00991479,-0.429679,0.235004,1.0,1,0,0,0,0,0,0
373413694,0.126171,-0.0293963,-0.882892,0.0,0.902635,0.0507267,-0.0401945,-0.425514,0.236739,1.0,1,0,0,0,0,0,0
373515270,0.186026,-0.0269644,-0.880913,0.0,0.901099,0.0782835,-0.0517378,-0.423338,0.233464,1.0,1,0,0,0,0,0,0
373616851,0.0707013,-0.158042,-0.878854,0.0,0.902795,-0.00167549,-0.0863834,-0.421304,0.23048,1.0,1,0,0,0,0,0,0
373719539,-0.025031,-0.335751,-0.876955,0.0,0.891713,-0.0821055,-0.146031,-0.420454,0.236904,1.0,1,0,0,0,0,0,0
373820839,0.0295685,-0.407812,-0.875553,0.0,0.888105,-0.0727218,-0.189517,-0.412388,0.241214,1.0,1,0,0,0,0,0,0
373922437,-0.0840764,-0.44984,-0.874261,0.0,0.878402,-0.131449,-0.184535,-0.420806,0.243599,1.0,1,0,0,0,0,0,0
374025233,0.0936709,-0.447315,-0.873342,0.0,0.887017,-0.0523325,-0.220072,-0.402529,0.252791,1.0,1,0,0,0,0,0,0
374126705,0.113486,-0.45483,-0.872485,0.0,0.886991,-0.0450343,-0.227362,-0.399406,0.259584,1.0,1,0,0,0,0,0,0
374228019,0.0639111,-0.466267,-0.872029,0.0,0.884588,-0.0693424,-0.222434,-0.404004,0.257173,1.0,1,0,0,0,0,0,0
374329976,0.0207566,-0.554745,-0.871881,0.0,0.872979,-0.106574,-0.252421,-0.403525,0.268063,1.0,1,0,0,0,0,0,0
374431326,0.039148,-0.52592,-0.871511,0.0,0.877368,-0.0925646,-0.243581,-0.402895,0.259714,1.0,1,0,0,0,0,0,0
374533907,0.0819477,-0.469358,-0.871699,0.0,0.884945,-0.0619726,-0.227435,-0.401629,0.260685,1.0,1,0,0,0,0,0,0
374634505,0.00157862,-0.319616,-0.87181,0.0,0.89499,-0.0664826,-0.144577,-0.416737,0.242361,1.0,1,0,0,0,0,0,0
374736851,-0.0114309,-0.30271,-0.872204,0.0,0.895664,-0.0688103,-0.134277,-0.418355,0.241596,1.0,1,0,0,0,0,0,0
374838459,0.0885509,-0.224514,-0.873025,0.0,0.901741,-0.00745599,-0.120013,-0.415216,0.219197,1.0,1,0,0,0,0,0,0
374940240,0.0620453,-0.215084,-0.873977,0.0,0.901772,-0.0174631,-0.110253,-0.417549,0.207289,1.0,1,0,0,0,0,0,0
375042710,-0.0140869,-0.238461,-0.875282,0.0,0.898946,-0.0567437,-0.104771,-0.421543,0.205093,1.0,1,0,0,0,0,0,0
375144287,0.0236287,-0.221163,-0.87686,0.0,0.90038,-0.0362138,-0.104897,-0.420716,0.209491,1.0,1,0,0,0,0,0,0
375245816,-0.0224791,-0.188671,-0.878674,0.0,0.900503,-0.0501893,-0.0804856,-0.42438,0.196163,1.0,1,0,0,0,0,0,0
375348332,-0.054719,-0.220481,-0.88059,0.0,0.897515,-0.0714693,-0.0878987,-0.426183,0.183099,1.0,1,0,0,0,0,0,0
375449068,-0.0602006,-0.183624,-0.882613,0.0,0.8988,-0.0662399,-0.0700615,-0.427625,0.178178,1.0,1,0,0,0,0,0,0
375551646,-0.196796,-0.23295,-0.884944,0.0,0.888343,-0.137695,-0.0627335,-0.433534,0.177555,1.0,1,0,0,0,0,0,0
375652879,-0.019149,-0.216272,-0.887255,0.0,0.89744,-0.0549184,-0.0933881,-0.427625,0.177885,1.0,1,0,0,0,0,0,0
375754481,-0.144839,-0.239791,-0.889593,0.0,0.890145,-0.116177,-0.0767778,-0.433878,0.171261,1.0,1,0,0,0,0,0,0
375856787,-0.128593,-0.286428,-0.891612,0.0,0.887227,-0.118793,-0.101089,-0.434163,0.172724,1.0,1,0,0,0,0,0,0
375957662,-0.0620565,-0.241798,-0.894141,0.0,0.893087,-0.0798855,-0.0953848,-0.432337,0.17323,1.0,1,0,0,0,0,0,0
376060381,-0.0904178,-0.163277,-0.896324,0.0,0.895729,-0.0758942,-0.053902,-0.434747,0.156464,1.0,1,0,0,0,0,0,0
376160874,-0.110615,-0.165151,-0.898768,0.0,0.894292,-0.0853974,-0.0502468,-0.436375,0.138084,1.0,1,0,0,0,0,0,0
376263579,-0.215225,-0.219884,-0.901064,0.0,0.884473,-0.143605,-0.0517143,-0.440921,0.138835,1.0,1,0,0,0,0,0,0
376364900,-0.187623,-0.240485,-0.903242,0.0,0.884413,-0.135794,-0.0668658,-0.441478,0.148026,1.0,1,0,0,0,0,0,0
376466698,-0.124521,-0.166639,-0.904846,0.0,0.89227,-0.0920761,-0.0476,-0.439443,0.151809,1.0,1,0,0,0,0,0,0
376568336,-0.266165,-0.300569,-0.906664,0.0,0.8723,-0.182935,-0.075948,-0.447057,0.16531,1.0,1,0,0,0,0,0,0
376670436,-0.143068,-0.268633,-0.908081,0.0,0.884112,-0.122237,-0.0889716,-0.44214,0.171411,1.0,1,0,0,0,0,0,0
376773086,-0.0559093,-0.143255,-0.909593,0.0,0.894818,-0.0564706,-0.0520195,-0.439779,0.17057,1.0,1,0,0,0,0,0,0
376873641,-0.102144,-0.153683,-0.910803,0.0,0.892543,-0.079431,-0.0464659,-0.441473,0.187457,1.0,1,0,0,0,0,0,0
376976800,-0.0177137,-0.176703,-0.911982,0.0,0.893944,-0.0467744,-0.075333,-0.439319,0.16572,1.0,1,0,0,0,0,0,0
377076929,-0.195981,-0.251486,-0.91271,0.0,0.880898,-0.14213,-0.0692647,-0.446116,0.18815,1.0,1,0,0,0,0,0,0
377174792,0.019304,-0.214536,-0.913324,0.0,0.892785,-0.0385944,-0.100319,-0.437472,0.152777,1.0,1,0,0,0,0,0,0
377276883,-0.0851487,-0.201519,-0.913452,0.0,0.890252,-0.0823261,-0.0715221,-0.44222,0.149179,1.0,1,0,0,0,0,0,0
377378695,-0.153818,-0.119261,-0.913299,0.0,0.891272,-0.0950383,-0.0195116,-0.442968,0.159298,1.0,1,0,0,0,0,0,0
377480109,-0.0974006,-0.217879,-0.912941,0.0,0.888902,-0.0913046,-0.0761458,-0.442401,0.159318,1.0,1,0,0,0,0,0,0
377583591,-0.0832106,-0.216624,-0.912622,0.0,0.88967,-0.0847109,-0.0787357,-0.441715,0.155044,1.0,1,0,0,0,0,0,0
377683291,-0.101845,-0.163813,-0.912161,0.0,0.891782,-0.0815318,-0.0510141,-0.442126,0.157261,1.0,1,0,0,0,0,0,0
377785995,0.0491647,-0.266478,-0.911348,0.0,0.891174,-0.0365669,-0.129975,-0.433103,0.151708,1.0,1,0,0,0,0,0,0
377888307,0.0151339,-0.261936,-0.910374,0.0,0.890896,-0.0506732,-0.120591,-0.434965,0.162879,1.0,1,0,0,0,0,0,0
377988838,0.0114883,-0.235137,-0.90932,0.0,0.89249,-0.0463863,-0.107885,-0.435513,0.159796,1.0,1,0,0,0,0,0,0
378091548,0.0538254,-0.181564,-0.908427,0.0,0.895652,-0.0156806,-0.0931938,-0.434599,0.169019,1.0,1,0,0,0,0,0,0
378192931,0.0298378,-0.139724,-0.907419,0.0,0.896992,-0.0172161,-0.0692586,-0.436249,0.200324,1.0,1,0,0,0,0,0,0
378294691,-0.0603988,-0.229244,-0.906355,0.0,0.891242,-0.0770204,-0.0896462,-0.437858,0.197082,1.0,1,0,0,0,0,0,0
378396078,0.0713026,-0.156189,-0.905393,0.0,0.897177,-0.00214585,-0.0856551,-0.433281,0.171025,1.0,1,0,0,0,0,0,0
378498739,0.0293768,-0.219304,-0.904378,0.0,0.894696,-0.0346775,-0.104802,-0.432819,0.197264,1.0,1,0,0,0,0,0,0
378599556,-0.0554893,-0.207588,-0.903284,0.0,0.893291,-0.0700266,-0.0811408,-0.436513,0.199104,1.0,1,0,0,0,0,0,0
378697904,-0.0560208,-0.22686,-0.902277,0.0,0.892435,-0.0743717,-0.0896904,-0.435872,0.196578,1.0,1,0,0,0,0,0,0
378799985,0.0107869,-0.0764099,-0.90119,0.0,0.899608,-0.0117825,-0.0367299,-0.434992,0.179553,1.0,1,0,0,0,0,0,0
378900889,0.0314936,-0.231685,-0.900176,0.0,0.895055,-0.0361949,-0.110864,-0.430437,0.177613,1.0,1,0,0,0,0,0,0
379003512,0.0656187,-0.189493,-0.899026,0.0,0.897485,-0.011674,-0.0993509,-0.42955,0.160931,1.0,1,0,0,0,0,0,0
379104353,-0.0552784,-0.193549,-0.897726,0.0,0.895224,-0.0666946,-0.0750827,-0.434152,0.176783,1.0,1,0,0,0,0,0,0
379206706,0.0408144,-0.231021,-0.896325,0.0,0.896072,-0.0316621,-0.112633,-0.428214,0.17398,1.0,1,0,0,0,0,0,0
379308013,0.0461667,-0.17579,-0.894735,0.0,0.898746,-0.0172343,-0.0890685,-0.428982,0.160763,1.0,1,0,0,0,0,0,0
379409978,0.0414399,-0.0954486,-0.893,0.0,0.90117,-0.00192964,-0.0519563,-0.430336,0.158305,1.0,1,0,0,0,0,0,0
379511503,0.0223774,-0.123671,-0.890806,0.0,0.900954,-0.0165437,-0.0605745,-0.429347,0.168329,1.0,1,0,0,0,0,0,0
379612843,-0.0232479,-0.150302,-0.888512,0.0,0.899946,-0.0427321,-0.0628062,-0.429332,0.173117,1.0,1,0,0,0,0,0,0
379715479,-0.0371672,-0.148363,-0.886142,0.0,0.900209,-0.0485101,-0.0590006,-0.428707,0.166597,1.0,1,0,0,0,0,0,0
379817956,0.0187499,-0.204905,-0.883564,0.0,0.899621,-0.0352948,-0.0964373,-0.424423,0.18225,1.0,1,0,0,0,0,0,0
379918494,0.0946791,-0.162205,-0.881058,0.0,0.902178,0.0081561,-0.0933096,-0.421073,0.176675,1.0,1,0,0,0,0,0,0
380020238,-0.0883042,-0.25862,-0.878154,0.0,0.894293,-0.0943813,-0.0979983,-0.426296,0.206415,1.0,1,0,0,0,0,0,0
380117626,0.0281894,-0.265297,-0.875547,0.0,0.898442,-0.0434095,-0.125698,-0.41847,0.205558,1.0,1,0,0,0,0,0,0
380220371,-0.0201638,-0.193174,-0.872023,0.0,0.901762,-0.0498217,-0.083172,-0.421219,0.189685,1.0,1,0,0,0,0,0,0
380322765,0.0421428,-0.171728,-0.869217,0.0,0.904253,-0.0170605,-0.0866077,-0.417772,0.198084,1.0,1,0,0,0,0,0,0
380423308,-0.135555,-0.23017,-0.865769,0.0,0.896422,-0.109132,-0.0757775,-0.422819,0.204133,1.0,1,0,0,0,0,0,0
380524903,0.0994522,-0.225526,-0.863167,0.0,0.90376,-0.00215066,-0.12274,-0.410059,0.186629,1.0,1,0,0,0,0,0,0
380626428,0.0172649,-0.200325,-0.860006,0.0,0.904735,-0.0338766,-0.0944692,-0.413984,0.183624,1.0,1,0,0,0,0,0,0
380729401,-0.005149,-0.0486257,-0.856514,0.0,0.909393,-0.0124371,-0.0210461,-0.415219,0.176125,1.0,1,0,0,0,0,0,0
380830815,0.00645686,-0.0389191,-0.852208,0.0,0.910432,-0.00510341,-0.0190525,-0.413189,0.176946,1.0,1,0,0,0,0,0,0
380932088,0.157238,0.0564123,-0.847245,0.0,0.907518,0.0831247,-0.00664147,-0.411652,0.166615,1.0,1,0,0,0,0,0,0
381034006,0.104714,0.0916617,-0.842237,0.0,0.909445,0.0664131,0.0203845,-0.409981,0.175198,1.0,1,0,0,0,0,0,0
381136486,0.062453,0.111788,-0.835782,0.0,0.911367,0.0511511,0.038382,-0.406597,0.159861,1.0,1,0,0,0,0,0,0
381237677,0.13109,0.015218,-0.827894,0.0,0.913348,0.0630183,-0.0193929,-0.401807,0.176361,1.0,1,0,0,0,0,0,0
381340357,-0.0902958,0.010308,-0.815178,0.0,0.917224,-0.0393938,0.0226171,-0.395774,0.191835,1.0,1,0,0,0,0,0,0
381440877,0.0394089,0.0164603,-0.8059,0.0,0.919635,0.0213511,-0.000156609,-0.392194,0.199106,1.0,1,0,0,0,0,0,0
381542422,0.0373187,0.0257016,-0.793297,0.0,0.922032,0.0221719,0.00464305,-0.386451,0.243012,1.0,1,0,0,0,0,0,0
381644223,0.107597,0.0549091,-0.781413,0.0,0.922392,0.0601407,0.00487463,-0.381512,0.245822,1.0,1,0,0,0,0,0,0
381743492,0.00439821,0.00353269,-0.762731,0.0,0.928152,0.00269852,0.000820961,-0.37219,0.237419,1.0,1,0,0,0,0,0,0
381843996,0.0417324,0.079148,-0.746948,0.0,0.929833,0.0338429,0.0292218,-0.365256,0.213094,1.0,1,0,0,0,0,0,0
381945525,0.0947882,0.0771573,-0.720457,0.0,0.933426,0.0578824,0.0193659,-0.35354,0.194611,1.0,1,0,0,0,0,0,0
382048079,-0.0217106,0.112519,-0.69705,0.0,0.938543,0.0090158,0.0565475,-0.340378,0.172541,1.0,1,0,0,0,0,0,0
382148857,0.180327,0.0729435,-0.658594,0.0,0.940738,0.0968903,0.00526632,-0.324957,0.17303,1.0,1,0,0,0,0,0,0
382251014,0.281878,-0.0110575,-0.624437,0.0,0.942443,0.131998,-0.0483577,-0.303381,0.179364,1.0,1,0,0,0,0,0,0
382353935,-0.142462,-0.419202,1.53393,0.0,0.712752,0.0939014,-0.197743,0.666382,0.202222,1.0,1,0,0,0,0,0,0
382454435,-0.0736789,-0.369987,1.53552,0.0,0.711416,0.101618,-0.157393,0.677339,0.219517,1.0,1,0,0,0,0,0,0
382556070,-0.0851316,-0.236082,1.53677,0.0,0.716867,0.0513867,-0.113969,0.685909,0.22356,1.0,1,0,0,0,0,0,0
382657922,0.0312852,-0.0773304,1.53816,0.0,0.717507,0.0381118,-0.0169022,0.695303,0.211389,1.0,1,0,0,0,0,0,0
382759410,0.0105074,-0.10044,1.53918,0.0,0.717098,0.0386985,-0.0324013,0.695143,0.226997,1.0,1,0,0,0,0,0,0
382861639,-0.0614814,-0.162604,1.54034,0.0,0.71682,0.0345291,-0.0795955,0.691839,0.228879,1.0,1,0,0,0,0,0,0
382963323,-0.00273999,-0.264567,1.54113,0.0,0.711375,0.0908978,-0.0955852,0.690324,0.231639,1.0,1,0,0,0,0,0,0
383065181,0.0,-0.0,1.54204,0.0,0.717199,0.0,-0.0,0.696869,0.12,1.0,1,0,0,0,0,0,0
383166458,0.0,-0.0,1.54266,0.0,0.716983,0.0,-0.0,0.69709,0.12,1.0,1,0,0,0,0,0,0
383268062,-0.01707,-0.121344,1.54342,0.0,0.715736,0.0361768,-0.0493974,0.695682,0.299341,1.0,1,0,0,0,0,0,0
383366505,-0.112468,-0.128681,1.54382,0.0,0.716487,0.00458452,-0.0851219,0.692373,0.295461,1.0,1,0,0,0,0,0,0
383469301,-0.0247817,-0.141703,1.54447,0.0,0.715111,0.0405371,-0.059332,0.695307,0.264643,1.0,1,0,0,0,0,0,0
383569905,-0.094936,-0.15517,1.5448,0.0,0.715844,0.0201447,-0.0884647,0.692341,0.251422,1.0,1,0,0,0,0,0,0
383671227,-0.0282415,-0.169679,1.54548,0.0,0.714189,0.0490756,-0.070488,0.694663,0.22976,1.0,1,0,0,0,0,0,0
383773150,0.00440665,-0.165991,1.54591,0.0,0.713257,0.0594571,-0.0578109,0.695979,0.229541,1.0,1,0,0,0,0,0,0
383875526,-0.1043,-0.122759,1.54651,0.0,0.715554,0.00555316,-0.0801786,0.693918,0.227562,1.0,1,0,0,0,0,0,0
383977944,-0.0230259,-0.108113,1.54689,0.0,0.714851,0.0295178,-0.0466876,0.697092,0.223352,1.0,1,0,0,0,0,0,0
384078393,-0.119642,-0.0203017,1.54753,0.0,0.714392,-0.0356805,-0.0490256,0.697114,0.232437,1.0,1,0,0,0,0,0,0
384180072,0.0,-0.0,1.54787,0.0,0.715168,0.0,-0.0,0.698953,0.12,1.0,1,0,0,0,0,0,0
384283684,0.0,-0.0,1.54832,0.0,0.715008,0.0,-0.0,0.699117,0.12,1.0,1,0,0,0,0,0,0
384384078,-0.0962487,-0.13032,1.54859,0.0,0.714761,0.0111571,-0.0800615,0.694682,0.317134,1.0,1,0,0,0,0,0,0
384485670,0.0111994,-0.182422,1.54899,0.0,0.711435,0.0676852,-0.0612039,0.696802,0.323098,1.0,1,0,0,0,0,0,0
384587263,-0.0873425,-0.149061,1.54924,0.0,0.714297,0.0209173,-0.0836171,0.694514,0.281917,1.0,1,0,0,0,0,0,0
384689313,-0.0235239,-0.150142,1.54959,0.0,0.713119,0.0440836,-0.0617938,0.696922,0.257145,1.0,1,0,0,0,0,0,0
384790520,0.00573611,-0.301374,1.55002,0.0,0.706016,0.107066,-0.105262,0.692097,0.250451,1.0,1,0,0,0,0,0,0
384889230,-0.0348438,-0.39804,1.55023,0.0,0.702545,0.126136,-0.153161,0.683419,0.257856,1.0,1,0,0,0,0,0,0
384990727,0.0366772,-0.389637,1.55081,0.0,0.698024,0.148338,-0.125632,0.689184,0.25886,1.0,1,0,0,0,0,0,0
385092064,-0.0892093,-0.281546,1.55127,0.0,0.71059,0.0666211,-0.130989,0.688088,0.252003,1.0,1,0,0,0,0,0,0
385193886,-0.0225211,-0.17371,1.55174,0.0,0.711761,0.05274,-0.0697727,0.696955,0.24812,1.0,1,0,0,0,0,0,0
385296300,0.0102471,-0.137935,1.55217,0.0,0.711708,0.05192,-0.0455993,0.699068,0.259995,1.0,1,0,0,0,0,0,0
385398065,-0.0240451,-0.0985583,1.55262,0.0,0.713,0.0259436,-0.0435573,0.699329,0.261214,1.0,1,0,0,0,0,0,0
385499409,-0.0288603,-0.115791,1.55307,0.0,0.712663,0.0302709,-0.0513678,0.698968,0.241665,1.0,1,0,0,0,0,0,0
385601322,-0.0395945,-0.153089,1.55357,0.0,0.712005,0.0395173,-0.0683615,0.69772,0.234335,1.0,1,0,0,0,0,0,0
385702430,0.0402774,-0.0887679,1.55405,0.0,0.71153,0.0454476,-0.0175235,0.700965,0.231636,1.0,1,0,0,0,0,0,0
385804074,-0.0125305,-0.191199,1.55454,0.0,0.709983,0.0624983,-0.0724153,0.697693,0.218045,1.0,1,0,0,0,0,0,0
385906500,-0.0573743,-0.156618,1.55502,0.0,0.711759,0.0344768,-0.0757875,0.697472,0.205582,1.0,1,0,0,0,0,0,0
386009165,-0.0476327,-0.131858,1.55547,0.0,0.711856,0.0292827,-0.0636006,0.698826,0.202006,1.0,1,0,0,0,0,0,0
386109718,-0.0368229,-0.0850015,1.55593,0.0,0.712127,0.0167117,-0.0431701,0.700523,0.19668,1.0,1,0,0,0,0,0,0
386212250,0.00133185,-0.0770479,1.55637,0.0,0.711641,0.0275106,-0.0269623,0.701487,0.191512,1.0,1,0,0,0,0,0,0
386312908,-0.0104542,-0.0718427,1.55679,0.0,0.711703,0.0214965,-0.0292393,0.701542,0.182989,1.0,1,0,0,0,0,0,0
386415191,-0.0361705,-0.197895,1.55718,0.0,0.709561,0.0565524,-0.0829526,0.697456,0.185704,1.0,1,0,0,0,0,0,0
386513166,0.0326656,-0.125294,1.55761,0.0,0.709544,0.055572,-0.0331044,0.701686,0.191822,1.0,1,0,0,0,0,0,0
386614692,-0.0069884,-0.13594,1.55801,0.0,0.71013,0.0452361,-0.0507799,0.700778,0.177252,1.0,1,0,0,0,0,0,0
386716100,-0.0901384,-0.111845,1.55843,0.0,0.7114,0.00723336,-0.0713366,0.69912,0.186555,1.0,1,0,0,0,0,0,0
386817630,0.0423654,-0.178522,1.55886,0.0,0.706996,0.0776484,-0.0485656,0.701263,0.180275,1.0,1,0,0,0,0,0,0
386920444,0.0811575,-0.0856531,1.55934,0.0,0.708687,0.058898,-0.00192682,0.703057,0.185651,1.0,1,0,0,0,0,0,0
387021637,-0.0578956,-0.0973555,1.55987,0.0,0.710809,0.0136506,-0.0549098,0.701106,0.206598,1.0,1,0,0,0,0,0,0
387123242,0.0749753,-0.0372215,1.56043,0.0,0.709648,0.0397154,0.0131415,0.703313,0.199542,1.0,1,0,0,0,0,0,0
387225118,0.0420849,-0.0919906,1.56093,0.0,0.708996,0.0472798,-0.0178759,0.703398,0.208319,1.0,1,0,0,0,0,0,0
387326466,0.084202,-0.0818363,1.56149,0.0,0.707954,0.0586393,0.000563507,0.703819,0.209098,1.0,1,0,0,0,0,0,0
387429072,0.00347796,-0.0821179,1.56202,0.0,0.709552,0.0301312,-0.0279287,0.703454,0.207705,1.0,1,0,0,0,0,0,0
387530765,0.139555,-0.0206067,1.56258,0.0,0.707735,0.0567375,0.0417971,0.702955,0.198165,1.0,1,0,0,0,0,0,0
387632238,-0.0222117,-0.177269,1.56308,0.0,0.707692,0.054494,-0.0706209,0.700868,0.205691,1.0,1,0,0,0,0,0,0
387733636,0.0686502,-0.0494235,1.56356,0.0,0.70843,0.0417454,0.00664646,0.704514,0.1977,1.0,1,0,0,0,0,0,0
387836078,0.143902,-0.105995,1.56391,0.0,0.704026,0.0881678,0.0130974,0.704558,0.194566,1.0,1,0,0,0,0,0,0
387937850,-0.0417812,-0.113261,1.56424,0.0,0.708963,0.0250867,-0.0548433,0.702662,0.188332,1.0,1,0,0,0,0,0,0
388035279,0.0634048,-0.0986055,1.56443,0.0,0.707034,0.0571768,-0.0126267,0.704751,0.195139,1.0,1,0,0,0,0,0,0
388138000,-0.0314153,-0.189418,1.56469,0.0,0.707044,0.0555663,-0.078088,0.700645,0.180711,1.0,1,0,0,0,0,0,0
388238503,0.113589,-0.135162,1.56497,0.0,0.703701,0.0876975,-0.00788271,0.705019,0.1815,1.0,1,0,0,0,0,0,0
388340104,0.0123588,-0.0141945,1.5652,0.0,0.709019,0.00938587,-0.000675265,0.705127,0.175244,1.0,1,0,0,0,0,0,0
388438440,0.0727865,-0.0850107,1.5655,0.0,0.706779,0.0557202,-0.00446958,0.705223,0.184345,1.0,1,0,0,0,0,0,0
388540130,0.0989447,-0.115613,1.56571,0.0,0.704838,0.0756971,-0.00608582,0.705291,0.181779,1.0,1,0,0,0,0,0,0
388642770,0.112194,-0.0344125,1.56573,0.0,0.706997,0.0518562,0.0273614,0.704782,0.19196,1.0,1,0,0,0,0,0,0
388743184,-0.083197,-0.0883247,1.56577,0.0,0.708871,0.0016608,-0.0605721,0.70273,0.193567,1.0,1,0,0,0,0,0,0
388845052,0.0416358,-0.123821,1.56562,0.0,0.706514,0.0583557,-0.0291997,0.704684,0.179316,1.0,1,0,0,0,0,0,0
388946790,-0.0243951,-0.11532,1.56558,0.0,0.708213,0.0320068,-0.0494401,0.703538,0.197353,1.0,1,0,0,0,0,0,0
389048919,0.0546947,-0.0739678,1.56533,0.0,0.707576,0.0454389,-0.00693828,0.705141,0.197793,1.0,1,0,0,0,0,0,0
389150441,-0.0919156,-0.147576,1.56529,0.0,0.708762,0.0194439,-0.0845247,0.700095,0.198322,1.0,1,0,0,0,0,0,0
389252820,0.0134367,-0.0877529,1.5651,0.0,0.708213,0.0356857,-0.0263705,0.704603,0.200095,1.0,1,0,0,0,0,0,0
389354725,-0.0650277,-0.194611,1.56508,0.0,0.707625,0.0455208,-0.0916692,0.699136,0.192008,1.0,1,0,0,0,0,0,0
389455502,0.0133501,-0.131346,1.56488,0.0,0.707341,0.0509898,-0.0418448,0.703788,0.180154,1.0,1,0,0,0,0,0,0
389557686,0.00313599,-0.145329,1.56478,0.0,0.707277,0.052291,-0.050388,0.703197,0.194962,1.0,1,0,0,0,0,0,0
389660249,0.117142,-0.114443,1.56455,0.0,0.704575,0.0816973,0.000699032,0.70491,0.185142,1.0,1,0,0,0,0,0,0
389760991,-0.00307585,-0.0890812,1.56447,0.0,0.708685,0.0302949,-0.032667,0.704117,0.183752,1.0,1,0,0,0,0,0,0
389862716,-0.140717,-0.128457,1.56431,0.0,0.709364,-0.00464233,-0.0948659,0.698414,0.197691,1.0,1,0,0,0,0,0,0
389964040,0.0881651,-0.106802,1.56424,0.0,0.706065,0.0688003,-0.00681487,0.704764,0.200567,1.0,1,0,0,0,0,0,0
390062457,0.0367448,-0.0939116,1.56414,0.0,0.707946,0.0460937,-0.0203622,0.704467,0.188719,1.0,1,0,0,0,0,0,0
390164055,-0.0619392,-0.126098,1.56408,0.0,0.709104,0.0224565,-0.0664591,0.701606,0.198804,1.0,1,0,0,0,0,0,0
390265894,0.132069,-0.0690077,1.56395,0.0,0.705952,0.0710476,0.0220488,0.704343,0.210431,1.0,1,0,0,0,0,0,0
390367419,-0.0936728,-0.130978,1.56399,0.0,0.709371,0.0129189,-0.0793037,0.700241,0.202001,1.0,1,0,0,0,0,0,0
390469799,0.115136,-0.118409,1.56392,0.0,0.704718,0.0823788,-0.00144023,0.704688,0.193424,1.0,1,0,0,0,0,0,0
390571314,-0.00758222,-0.106316,1.56378,0.0,0.708719,0.0347519,-0.0403694,0.703478,0.197344,1.0,1,0,0,0,0,0,0
390673099,-0.0231768,-0.144981,1.56352,0.0,0.708356,0.042821,-0.0595389,0.702035,0.208663,1.0,1,0,0,0,0,0,0
390774728,-0.0874052,-0.119514,1.56323,0.0,0.709673,0.0110752,-0.073069,0.700645,0.20756,1.0,1,0,0,0,0,0,0
390876102,0.100563,-0.107588,1.56291,0.0,0.706064,0.0734496,-0.00277348,0.704323,0.196763,1.0,1,0,0,0,0,0,0
390977629,-0.0800935,-0.0981962,1.56269,0.0,0.709927,0.00614492,-0.0629769,0.701427,0.208094,1.0,1,0,0,0,0,0,0
391080373,0.0953089,-0.0291549,1.56244,0.0,0.708684,0.0440735,0.0232008,0.703766,0.217213,1.0,1,0,0,0,0,0,0
391182821,-0.0742714,-0.131953,1.56214,0.0,0.709852,0.0200753,-0.0728698,0.700284,0.228353,1.0,1,0,0,0,0,0,0
391283317,-0.0552439,-0.115277,1.56178,0.0,0.709957,0.0209502,-0.0603104,0.701345,0.22826,1.0,1,0,0,0,0,0,0
391385118,0.060419,-0.0584124,1.56139,0.0,0.709176,0.0419914,0.000512028,0.70378,0.226252,1.0,1,0,0,0,0,0,0
391483570,-0.0333667,-0.126765,1.56103,0.0,0.709768,0.0327328,-0.0567151,0.701385,0.232396,1.0,1,0,0,0,0,0,0
391585202,0.00644368,-0.0900926,1.56066,0.0,0.709854,0.0339672,-0.0297382,0.702901,0.237741,1.0,1,0,0,0,0,0,0
391686397,-0.00822053,-0.105748,1.56032,0.0,0.709954,0.0342559,-0.040452,0.70225,0.237709,1.0,1,0,0,0,0,0,0
391788269,-0.0512984,-0.105653,1.56002,0.0,0.710635,0.0189159,-0.0555366,0.70111,0.226238,1.0,1,0,0,0,0,0,0
391890309,0.00335446,-0.0835231,1.55972,0.0,0.71034,0.0305489,-0.0285059,0.702617,0.221262,1.0,1,0,0,0,0,0,0
391991638,0.114925,-0.124315,1.55952,0.0,0.70603,0.0843623,-0.0037957,0.703129,0.210805,1.0,1,0,0,0,0,0,0
392094068,-0.0762745,-0.106652,1.55929,0.0,0.711065,0.0103678,-0.0646448,0.700072,0.211431,1.0,1,0,0,0,0,0,0
392195393,0.162816,-0.0315954,1.55921,0.0,0.707846,0.0688941,0.0459618,0.701495,0.204202,1.0,1,0,0,0,0,0,0
392297151,-0.0289374,-0.0695109,1.5592,0.0,0.711044,0.014142,-0.0348753,0.70214,0.189008,1.0,1,0,0,0,0,0,0
392398514,-0.04019,-0.158839,1.55922,0.0,0.709924,0.0415169,-0.0704929,0.699511,0.195796,1.0,1,0,0,0,0,0,0
392500896,0.142921,-0.0675393,1.55921,0.0,0.707279,0.074425,0.0262144,0.702517,0.197987,1.0,1,0,0,0,0,0,0
392602764,-0.00378311,-0.0801356,1.55918,0.0,0.710683,0.0268154,-0.0298173,0.702369,0.206689,1.0,1,0,0,0,0,0,0
392704050,-0.0196235,-0.113062,1.55917,0.0,0.710427,0.0327504,-0.0470684,0.701432,0.211225,1.0,1,0,0,0,0,0,0
392805644,0.0938555,-0.0309061,1.55916,0.0,0.709832,0.04421,0.0219954,0.702638,0.205336,1.0,1,0,0,0,0,0,0
392907244,0.0161953,-0.119407,1.55909,0.0,0.709602,0.0476918,-0.0367545,0.702025,0.210663,1.0,1,0,0,0,0,0,0
393009054,-0.00437771,-0.063664,1.55891,0.0,0.710983,0.0208145,-0.0241759,0.702485,0.206069,1.0,1,0,0,0,0,0,0
393107243,-0.0475005,-0.0685419,1.55869,0.0,0.711327,0.00719081,-0.0410484,0.701624,0.218977,1.0,1,0,0,0,0,0,0
393209191,0.0297768,-0.0980192,1.5585,0.0,0.709995,0.0450028,-0.0243998,0.702343,0.217444,1.0,1,0,0,0,0,0,0
393310418,0.0742934,-0.140607,1.55827,0.0,0.707441,0.0756842,-0.0239154,0.702301,0.214937,1.0,1,0,0,0,0,0,0
393412332,0.0137838,-0.0342618,1.55808,0.0,0.711383,0.0169387,-0.00734776,0.702562,0.220424,1.0,1,0,0,0,0,0,0
393513935,-0.0183151,-0.116614,1.55787,0.0,0.710797,0.0344311,-0.0478918,0.70092,0.224347,1.0,1,0,0,0,0,0,0
393616057,0.0222175,-0.0370537,1.55766,0.0,0.711425,0.0209176,-0.00538285,0.702431,0.211182,1.0,1,0,0,0,0,0,0
393717982,-0.0196028,-0.111078,1.55741,0.0,0.711074,0.0320204,-0.0463851,0.700855,0.204589,1.0,1,0,0,0,0,0,0
393819389,0.0563328,-0.0596917,1.55712,0.0,0.710735,0.0409888,-0.00146779,0.702263,0.195332,1.0,1,0,0,0,0,0,0
393921174,-0.0777233,-0.051334,1.55676,0.0,0.711981,-0.0096496,-0.0455304,0.700654,0.201479,1.0,1,0,0,0,0,0,0
394022432,0.0639822,-0.129998,1.55639,0.0,0.708855,0.068305,-0.0238284,0.701635,0.199801,1.0,1,0,0,0,0,0,0
394124924,-0.0478421,0.013248,1.55598,0.0,0.711995,-0.0216853,-0.01207,0.701746,0.197536,1.0,1,0,0,0,0,0,0
394226749,0.0541282,-0.0869097,1.55557,0.0,0.710712,0.0497334,-0.0119685,0.701621,0.2192,1.0,1,0,0,0,0,0,0
394328046,-0.0195255,-0.0541831,1.5553,0.0,0.712455,0.0120504,-0.0261482,0.701127,0.21811,1.0,1,0,0,0,0,0,0
394430026,-0.0550718,-0.126941,1.55521,0.0,0.712118,0.0249024,-0.0644586,0.698651,0.218079,1.0,1,0,0,0,0,0,0
394531223,0.0752331,-0.0206987,1.55508,0.0,0.711826,0.0340545,0.0190114,0.701272,0.211465,1.0,1,0,0,0,0,0,0
394628889,0.0136509,0.00518158,1.55497,0.0,0.712674,0.00304693,0.00663427,0.701457,0.205559,1.0,1,0,0,0,0,0,0
394731248,0.0335883,-0.121514,1.55492,0.0,0.710567,0.0545337,-0.0315104,0.700806,0.226971,1.0,1,0,0,0,0,0,0
394832905,-0.00921465,-0.0354127,1.55494,0.0,0.712628,0.00913679,-0.0158498,0.701303,0.214482,1.0,1,0,0,0,0,0,0
394934625,0.0722783,-0.088634,1.555,0.0,0.710383,0.0567823,-0.00623127,0.701494,0.203198,1.0,1,0,0,0,0,0,0
395036115,-0.0204262,-0.0556731,1.55495,0.0,0.712572,0.0122476,-0.0269966,0.700973,0.193217,1.0,1,0,0,0,0,0,0
395138793,-0.0909713,-0.10153,1.55495,0.0,0.71265,0.00319464,-0.0679819,0.69821,0.203778,1.0,1,0,0,0,0,0,0
395240413,0.101485,-0.113145,1.5549,0.0,0.708636,0.0757023,-0.0047243,0.701485,0.186418,1.0,1,0,0,0,0,0,0
395341955,0.00687173,-0.00343651,1.55482,0.0,0.712724,0.00365408,0.00118538,0.701434,0.178997,1.0,1,0,0,0,0,0,0
395443672,-0.104269,-0.0561992,1.55458,0.0,0.712593,-0.0174524,-0.0565335,0.699079,0.188079,1.0,1,0,0,0,0,0,0
395544892,-0.0467802,-0.131484,1.55434,0.0,0.712244,0.0294195,-0.0631869,0.698462,0.195115,1.0,1,0,0,0,0,0,0
395647494,-0.0186761,-0.0616063,1.55427,0.0,0.71276,0.0149419,-0.028501,0.70067,0.195225,1.0,1,0,0,0,0,0,0
395749270,-0.0578475,-0.0982253,1.55418,0.0,0.712796,0.0138162,-0.0552408,0.699057,0.202444,1.0,1,0,0,0,0,0,0
395850438,0.0222787,-0.0391522,1.55422,0.0,0.71261,0.0216655,-0.00614542,0.701199,0.211799,1.0,1,0,0,0,0,0,0
395952350,-0.096906,-0.111595,1.55415,0.0,0.712917,0.00458075,-0.0736236,0.697357,0.213544,1.0,1,0,0,0,0,0,0
396053862,-0.000787666,-0.102251,1.5542,0.0,0.712034,0.035554,-0.0367101,0.700283,0.20541,1.0,1,0,0,0,0,0,0
396152394,0.00551315,-0.064681,1.55419,0.0,0.712514,0.0246378,-0.0211212,0.700907,0.211415,1.0,1,0,0,0,0,0,0
396253611,-0.0439673,-0.123528,1.55424,0.0,0.712355,0.0276311,-0.0593801,0.698756,0.212649,1.0,1,0,0,0,0,0,0
396355226,0.0499855,-0.0444257,1.55408,0.0,0.712204,0.0333823,0.00168674,0.701176,0.198556,1.0,1,0,0,0,0,0,0
396456855,-0.0802778,-0.0740533,1.55401,0.0,0.712994,-0.00265801,-0.0544898,0.699045,0.20149,1.0,1,0,0,0,0,0,0
396558840,0.00368294,-0.153908,1.55384,0.0,0.710864,0.0552075,-0.0535326,0.699113,0.199046,1.0,1,0,0,0,0,0,0
396660188,0.0965476,-0.0134258,1.5538,0.0,0.712015,0.0391101,0.0290483,0.700472,0.195399,1.0,1,0,0,0,0,0,0
396762456,-0.00876563,-0.106388,1.55366,0.0,0.712288,0.0341512,-0.0409848,0.699857,0.19598,1.0,1,0,0,0,0,0,0
396864384,0.108606,-0.0737167,1.55365,0.0,0.710206,0.064475,0.0117824,0.700936,0.185471,1.0,1,0,0,0,0,0,0
396965647,0.0285996,-0.067962,1.55351,0.0,0.712366,0.0340049,-0.0142102,0.700839,0.191163,1.0,1,0,0,0,0,0,0
397067337,-0.0394346,-0.11782,1.55351,0.0,0.712628,0.0272254,-0.055778,0.698791,0.21346,1.0,1,0,0,0,0,0,0
397169970,0.0908462,-0.0352909,1.55353,0.0,0.711778,0.0447346,0.0192536,0.700714,0.215187,1.0,1,0,0,0,0,0,0
397271241,-0.0239608,-0.0450425,1.55367,0.0,0.713092,0.00724426,-0.0244544,0.700606,0.212632,1.0,1,0,0,0,0,0,0
397373158,0.0274943,-0.101309,1.55362,0.0,0.711684,0.0452817,-0.0264815,0.700538,0.211193,1.0,1,0,0,0,0,0,0
397474819,-0.0754407,-0.0850842,1.55368,0.0,0.713104,0.00292417,-0.0567203,0.698753,0.226884,1.0,1,0,0,0,0,0,0
397576351,0.073777,-0.05063,1.5535,0.0,0.711828,0.0440253,0.00780304,0.700929,0.230283,1.0,1,0,0,0,0,0,0
397673880,-0.0571944,-0.0162394,1.55344,0.0,0.713064,-0.0147034,-0.0258303,0.700469,0.210453,1.0,1,0,0,0,0,0,0
397776398,0.042414,-0.0738088,1.55308,0.0,0.712148,0.0409679,-0.0114626,0.700739,0.221151,1.0,1,0,0,0,0,0,0
397877589,-0.116411,-0.0863221,1.55288,0.0,0.7133,-0.011278,-0.071456,0.697115,0.211952,1.0,1,0,0,0,0,0,0
397979698,0.0461866,-0.0809556,1.55236,0.0,0.712164,0.0448061,-0.0127055,0.700466,0.221623,1.0,1,0,0,0,0,0,0
398081180,-0.0514821,-0.0371532,1.55207,0.0,0.713672,-0.00535911,-0.0312783,0.699761,0.214909,1.0,1,0,0,0,0,0,0
398182661,0.0568568,-0.0470392,1.55184,0.0,0.712822,0.0367475,0.00312294,0.700375,0.220045,1.0,1,0,0,0,0,0,0
398284852,-0.0598102,-0.118075,1.55192,0.0,0.713422,0.0200033,-0.0630007,0.69761,0.213701,1.0,1,0,0,0,0,0,0
398386828,0.0779968,-0.0641612,1.55186,0.0,0.711983,0.0502622,0.00441603,0.700382,0.199346,1.0,1,0,0,0,0,0,0
398488406,-0.0621421,-0.135088,1.55186,0.0,0.713268,0.0251242,-0.0698595,0.696948,0.210382,1.0,1,0,0,0,0,0,0
398589939,0.0532186,-0.0707777,1.55178,0.0,0.712438,0.0437502,-0.00662421,0.700339,0.207178,1.0,1,0,0,0,0,0,0
398692040,-0.0157659,-0.100825,1.55191,0.0,0.713102,0.0296736,-0.0414799,0.699203,0.213805,1.0,1,0,0,0,0,0,0
398793727,0.178064,-0.0325819,1.55218,0.0,0.709723,0.074812,0.0506961,0.698661,0.208118,1.0,1,0,0,0,0,0,0
398895596,-0.103294,-0.0461804,1.55249,0.0,0.713242,-0.0206723,-0.052611,0.698635,0.203478,1.0,1,0,0,0,0,0,0
398996880,0.038156,-0.155889,1.55271,0.0,0.710136,0.0681186,-0.0422185,0.699488,0.209175,1.0,1,0,0,0,0,0,0
399098791,-0.00328453,-0.0187368,1.5529,0.0,0.713383,0.0053933,-0.00783413,0.70071,0.200822,1.0,1,0,0,0,0,0,0
399196099,0.00303437,-0.0445951,1.55301,0.0,0.713166,0.0167066,-0.014842,0.700639,0.196909,1.0,1,0,0,0,0,0,0
399298740,0.095377,-0.0308186,1.55308,0.0,0.711932,0.0447876,0.022425,0.70046,0.20368,1.0,1,0,0,0,0,0,0
399400321,0.0243671,-0.0864303,1.55315,0.0,0.712229,0.0389577,-0.0222837,0.700511,0.212665,1.0,1,0,0,0,0,0,0
399501605,0.0129599,-0.0850783,1.55305,0.0,0.712501,0.0344203,-0.0257986,0.700352,0.217036,1.0,1,0,0,0,0,0,0
399603531,0.0242893,-0.0609167,1.55295,0.0,0.712747,0.029999,-0.0132173,0.700655,0.21337,1.0,1,0,0,0,0,0,0
399704807,0.0567497,-0.0861263,1.55283,0.0,0.711627,0.050376,-0.0108388,0.700665,0.215814,1.0,1,0,0,0,0,0,0
399807317,-0.0841496,-0.122712,1.55284,0.0,0.713261,0.0129769,-0.0731256,0.696952,0.228134,1.0,1,0,0,0,0,0,0
399909075,0.0873544,-0.0166052,1.55268,0.0,0.712523,0.0369637,0.0246747,0.70024,0.22438,1.0,1,0,0,0,0,0,0
400010462,-0.0628345,-0.112047,1.55256,0.0,0.713288,0.0168336,-0.0619074,0.697929,0.214851,1.0,1,0,0,0,0,0,0
400112338,-0.0387509,-0.0681024,1.5524,0.0,0.713495,0.0100292,-0.0378542,0.699565,0.214307,1.0,1,0,0,0,0,0,0
400214476,0.070456,-0.0811249,1.55229,0.0,0.711588,0.0535035,-0.00426716,0.700544,0.219712,1.0,1,0,0,0,0,0,0
400316351,-0.0122284,-0.0379889,1.55216,0.0,0.713606,0.00894158,-0.0178367,0.700263,0.205833,1.0,1,0,0,0,0,0,0
400418000,-0.0199638,-0.0738586,1.55192,0.0,0.713484,0.0187387,-0.0333374,0.699627,0.200483,1.0,1,0,0,0,0,0,0
400519563,0.0173494,-0.0664805,1.55164,0.0,0.713223,0.029462,-0.0176517,0.700095,0.197318,1.0,1,0,0,0,0,0,0
400621259,-0.0690392,-0.0462374,1.55136,0.0,0.713887,-0.00845692,-0.0406536,0.699028,0.216318,1.0,1,0,0,0,0,0,0
400722485,-0.00871445,-0.125757,1.55114,0.0,0.712795,0.0408883,-0.0479111,0.698539,0.214824,1.0,1,0,0,0,0,0,0
400820883,0.0373675,-0.0529134,1.55088,0.0,0.713393,0.031852,-0.00581373,0.700016,0.215149,1.0,1,0,0,0,0,0,0
400922674,-0.0423692,-0.103096,1.55064,0.0,0.713851,0.020948,-0.0515981,0.69808,0.194301,1.0,1,0,0,0,0,0,0
401024036,0.112499,-0.0598234,1.55034,0.0,0.711675,0.0610372,0.0179985,0.699621,0.195042,1.0,1,0,0,0,0,0,0
401126493,-0.066664,-0.0834353,1.55002,0.0,0.714368,0.00537841,-0.053077,0.697733,0.193979,1.0,1,0,0,0,0,0,0
401228256,0.035316,-0.0780312,1.54974,0.0,0.713376,0.0398916,-0.0155218,0.699473,0.20559,1.0,1,0,0,0,0,0,0
401329817,-0.0523069,-0.0756816,1.54937,0.0,0.714579,0.00777903,-0.0453059,0.698043,0.214062,1.0,1,0,0,0,0,0,0
401431243,0.0135732,-0.0267255,1.54889,0.0,0.714666,0.014195,-0.00480579,0.699305,0.213386,1.0,1,0,0,0,0,0,0
401532837,-0.0117155,-0.0334904,1.54845,0.0,0.71492,0.00751937,-0.0160664,0.698982,0.210241,1.0,1,0,0,0,0,0,0
401634716,0.0257524,-0.097901,1.54805,0.0,0.713747,0.0433973,-0.0259981,0.698574,0.208766,1.0,1,0,0,0,0,0,0
401736475,-0.0615642,-0.0950829,1.54766,0.0,0.715115,0.0112093,-0.0554599,0.696713,0.201545,1.0,1,0,0,0,0,0,0
401838723,0.14032,-0.00767063,1.54735,0.0,0.713395,0.0528206,0.0462482,0.697237,0.193129,1.0,1,0,0,0,0,0,0
401940132,0.00446072,0.0181057,1.54714,0.0,0.715405,-0.00472949,0.00803478,0.698648,0.196242,1.0,1,0,0,0,0,0,0
402042054,0.0392513,-0.126014,1.54699,0.0,0.713051,0.0579947,-0.0313581,0.698005,0.201093,1.0,1,0,0,0,0,0,0
402143495,0.0185743,-0.0414932,1.54702,0.0,0.715142,0.0211361,-0.00835466,0.69861,0.201684,1.0,1,0,0,0,0,0,0
402245593,0.0397646,-0.018281,1.54714,0.0,0.715124,0.0206078,0.00735217,0.698655,0.199477,1.0,1,0,0,0,0,0,0
402343544,0.0537493,-0.0433184,1.54709,0.0,0.714604,0.0343464,0.00328105,0.698677,0.209445,1.0,1,0,0,0,0,0,0
402444918,0.00186742,-0.150204,1.54751,0.0,0.713226,0.0530999,-0.0530187,0.696906,0.214139,1.0,1,0,0,0,0,0,0
402546862,-0.0205518,-0.0713894,1.54758,0.0,0.715031,0.0175934,-0.0327011,0.698106,0.211111,1.0,1,0,0,0,0,0,0
402648106,0.062539,-0.107808,1.54777,0.0,0.712634,0.0599658,-0.0166951,0.698769,0.204264,1.0,1,0,0,0,0,0,0
402750653,-0.00777959,-0.00899288,1.54777,0.0,0.715199,0.000360672,-0.00593444,0.698895,0.216541,1.0,1,0,0,0,0,0,0
402852035,0.0532143,-0.098265,1.54816,0.0,0.713034,0.0533212,-0.0165309,0.698904,0.224432,1.0,1,0,0,0,0,0,0
402953956,-0.0773365,-0.10201,1.54832,0.0,0.714921,0.00801126,-0.0634177,0.696277,0.219466,1.0,1,0,0,0,0,0,0
403055341,0.0640206,-0.0105685,1.54868,0.0,0.714389,0.0265725,0.0186032,0.698997,0.210244,1.0,1,0,0,0,0,0,0
403156989,-0.0521887,-0.114357,1.54846,0.0,0.714589,0.0213181,-0.0590564,0.696721,0.212524,1.0,1,0,0,0,0,0,0
403258452,-0.0580311,-0.0511007,1.5484,0.0,0.714964,-0.0028819,-0.0385349,0.698093,0.211105,1.0,1,0,0,0,0,0,0
403361186,-0.0418938,-0.0959161,1.54809,0.0,0.714813,0.0185434,-0.0488983,0.697357,0.218305,1.0,1,0,0,0,0,0,0
403462644,0.0355557,-0.00682056,1.54794,0.0,0.714983,0.0150963,0.00998714,0.698907,0.237839,1.0,1,0,0,0,0,0,0
403564068,0.0651561,-0.0820912,1.54733,0.0,0.713439,0.051939,-0.00659723,0.698759,0.237908,1.0,1,0,0,0,0,0,0
403666031,-0.1009,-0.0964332,1.54709,0.0,0.715397,-0.00240502,-0.0696312,0.695236,0.244969,1.0,1,0,0,0,0,0,0
403768285,-0.0802928,-0.0869216,1.54645,0.0,0.715629,0.0016246,-0.0590745,0.695976,0.241651,1.0,1,0,0,0,0,0,0
403869719,0.018433,-0.0372651,1.54619,0.0,0.715477,0.0196063,-0.00689974,0.698327,0.234821,1.0,1,0,0,0,0,0,0
403967689,-0.00168301,-0.0695542,1.54595,0.0,0.715425,0.0236768,-0.0254769,0.697824,0.233421,1.0,1,0,0,0,0,0,0
404069062,-0.0160854,-0.102002,1.54614,0.0,0.715103,0.0298502,-0.0420973,0.697112,0.222319,1.0,1,0,0,0,0,0,0
404170473,0.0626434,-0.0711454,1.54618,0.0,0.714174,0.0472256,-0.00358739,0.698364,0.236492,1.0,1,0,0,0,0,0,0
404272362,-0.087219,-0.103464,1.54656,0.0,0.715563,0.00492711,-0.0673792,0.695274,0.220533,1.0,1,0,0,0,0,0,0
404374775,0.0748158,-0.0390549,1.54678,0.0,0.714399,0.0403865,0.0121586,0.698466,0.225863,1.0,1,0,0,0,0,0,0
404476051,-0.0625236,-0.110835,1.54728,0.0,0.715135,0.0163581,-0.0614115,0.696091,0.213547,1.0,1,0,0,0,0,0,0
404577947,0.0386605,-0.0364851,1.54729,0.0,0.714868,0.0265689,0.000456966,0.698754,0.224107,1.0,1,0,0,0,0,0,0
404679416,-0.000100122,-0.0647671,1.54765,0.0,0.71487,0.0225923,-0.023193,0.698508,0.228653,1.0,1,0,0,0,0,0,0
404782110,0.0556508,-0.0764488,1.54755,0.0,0.713736,0.0465817,-0.00789503,0.69882,0.217253,1.0,1,0,0,0,0,0,0
404883485,-0.0279177,-0.056645,1.54793,0.0,0.715063,0.00981397,-0.0300027,0.698347,0.212072,1.0,1,0,0,0,0,0,0
404984860,0.0970216,-0.0603593,1.54806,0.0,0.712911,0.0557289,0.0123286,0.698928,0.205249,1.0,1,0,0,0,0,0,0
405086807,0.0405494,-0.077913,1.54852,0.0,0.713696,0.0417086,-0.0136746,0.699079,0.20841,1.0,1,0,0,0,0,0,0
405188721,-0.122034,-0.107967,1.54857,0.0,0.714852,-0.00587466,-0.0810782,0.694534,0.225129,1.0,1,0,0,0,0,0,0
405290670,0.0990812,-0.0229952,1.54877,0.0,0.71353,0.0434273,0.0264172,0.698778,0.21438,1.0,1,0,0,0,0,0,0
405392340,-0.0118725,-0.0633167,1.54856,0.0,0.714686,0.0178896,-0.0267777,0.698704,0.223833,1.0,1,0,0,0,0,0,0
405493703,0.0157052,-0.11841,1.54867,0.0,0.713287,0.0469771,-0.0368178,0.698326,0.22583,1.0,1,0,0,0,0,0,0
405591262,3.93966e-05,-0.0397558,1.54857,0.0,0.714779,0.0139119,-0.0141964,0.699068,0.221327,1.0,1,0,0,0,0,0,0
405693197,0.00555156,-0.0471145,1.54869,0.0,0.714631,0.0184546,-0.0148985,0.699099,0.210645,1.0,1,0,0,0,0,0,0
405794680,0.0431205,-0.112105,1.54853,0.0,0.712803,0.0545507,-0.024994,0.698793,0.210436,1.0,1,0,0,0,0,0,0
405897082,0.0832069,-0.0205042,1.54859,0.0,0.713959,0.0368948,0.0217569,0.698876,0.208076,1.0,1,0,0,0,0,0,0
405999219,-0.00267577,-0.102647,1.5488,0.0,0.713945,0.0349192,-0.0376064,0.698319,0.200299,1.0,1,0,0,0,0,0,0
406100076,0.0135205,-0.114272,1.5491,0.0,0.713283,0.0447619,-0.0360937,0.698514,0.212211,1.0,1,0,0,0,0,0,0
406201899,0.0894155,-0.0122189,1.54909,0.0,0.713821,0.0362118,0.0268949,0.698874,0.228195,1.0,1,0,0,0,0,0,0
406303216,0.01892,-0.120088,1.54869,0.0,0.713161,0.048709,-0.0362934,0.698364,0.213639,1.0,1,0,0,0,0,0,0
406405853,-0.00215693,-0.00595694,1.54779,0.0,0.715192,0.00131043,-0.00288394,0.698921,0.191217,1.0,1,0,0,0,0,0,0
406507199,0.118598,-0.0733946,1.54689,0.0,0.712252,0.0679616,0.0151691,0.698462,0.20281,1.0,1,0,0,0,0,0,0
406609017,0.00899588,-0.0261211,1.54626,0.0,0.715619,0.0123399,-0.00620645,0.698355,0.20007,1.0,1,0,0,0,0,0,0
406710391,-0.027926,-0.0621302,1.54579,0.0,0.715779,0.0116936,-0.0319776,0.697496,0.188109,1.0,1,0,0,0,0,0,0
406812077,-0.125133,-0.00674621,1.54548,0.0,0.714742,-0.0424181,-0.0460596,0.69658,0.174469,1.0,1,0,0,0,0,0,0
406914755,0.0956027,-0.0576147,1.54519,0.0,0.714026,0.0542851,0.0127361,0.697896,0.187447,1.0,1,0,0,0,0,0,0
407016358,0.0562926,-0.077647,1.54507,0.0,0.714557,0.0472184,-0.00815772,0.697935,0.204001,1.0,1,0,0,0,0,0,0
407117860,0.0629557,-0.0439601,1.54468,0.0,0.715269,0.0378669,0.00622195,0.697795,0.20186,1.0,1,0,0,0,0,0,0
407219253,-0.0359692,-0.0802635,1.5443,0.0,0.716221,0.0151137,-0.0412751,0.696487,0.208499,1.0,1,0,0,0,0,0,0
407321141,0.015979,-0.0140267,1.54381,0.0,0.716503,0.0106166,0.000547051,0.697503,0.21903,1.0,1,0,0,0,0,0,0
407423626,0.00339138,-0.0337893,1.54331,0.0,0.716635,0.0129957,-0.0109265,0.697242,0.208676,1.0,1,0,0,0,0,0,0
407524981,0.0676342,-0.0541762,1.54302,0.0,0.715546,0.0431018,0.00415999,0.697222,0.209806,1.0,1,0,0,0,0,0,0
407626722,-0.0723568,-0.0715747,1.54264,0.0,0.716965,-0.000992226,-0.0508346,0.695253,0.210861,1.0,1,0,0,0,0,0,0
407728093,0.0971139,-0.0725808,1.54251,0.0,0.714491,0.0600408,0.00782528,0.69702,0.211324,1.0,1,0,0,0,0,0,0
407830863,-0.0287542,-0.0379356,1.54274,0.0,0.716942,0.00291515,-0.0236173,0.696727,0.212071,1.0,1,0,0,0,0,0,0
407932096,0.0588253,-0.0552486,1.54233,0.0,0.71595,0.0403232,0.000690668,0.696986,0.206632,1.0,1,0,0,0,0,0,0
408033681,0.078106,-0.106091,1.54131,0.0,0.714456,0.0648784,-0.0108512,0.696582,0.204309,1.0,1,0,0,0,0,0,0
408135532,0.0188074,0.0031881,1.53997,0.0,0.717899,0.00564141,0.0076904,0.696082,0.193067,1.0,1,0,0,0,0,0,0
408236813,-0.105346,-0.00150554,1.53777,0.0,0.717715,-0.0373151,-0.0371487,0.694343,0.197202,1.0,1,0,0,0,0,0,0
408338756,-0.0353236,0.109749,1.53462,0.0,0.717914,-0.0507617,0.0272299,0.693745,0.193151,1.0,1,0,0,0,0,0,0
408436852,-0.0702939,0.122647,1.53037,0.0,0.717962,-0.0677211,0.0198803,0.692494,0.199259,1.0,1,0,0,0,0,0,0
408538607,-0.0196634,0.0657517,1.52544,0.0,0.72231,-0.0298124,0.0169736,0.690718,0.197728,1.0,1,0,0,0,0,0,0
408640041,0.106184,0.109024,1.51997,0.0,0.72474,0.00092583,0.0759418,0.684824,0.198238,1.0,1,0,0,0,0,0,0
408742486,0.00347903,0.0861005,1.51582,0.0,0.72565,-0.0283217,0.0324512,0.686714,0.196446,1.0,1,0,0,0,0,0,0
408843229,-0.0360962,0.166803,1.5135,0.0,0.723395,-0.0702605,0.0482114,0.685156,0.198833,1.0,1,0,0,0,0,0,0
408945958,-0.0103828,0.0854599,1.51171,0.0,0.726858,-0.0330739,0.0275265,0.685438,0.209315,1.0,1,0,0,0,0,0,0
409047693,-0.113404,-0.375436,-2.26923,0.0,-0.404805,0.192395,0.0282522,0.893487,0.210102,1.0,1,0,0,0,0,0,0
409148898,-0.0253509,-0.400404,-2.26684,0.0,-0.412789,0.185394,0.0729739,0.888768,0.222115,1.0,1,0,0,0,0,0,0
409250456,0.0583981,-0.256393,-2.2646,0.0,-0.424293,0.103407,0.0804731,0.895994,0.214966,1.0,1,0,0,0,0,0,0
409352430,0.0187468,-0.329377,-2.26221,0.0,-0.421274,0.144409,0.0781491,0.891945,0.220282,1.0,1,0,0,0,0,0,0
409454460,0.0,0.0,-2.25993,0.0,-0.426693,-0.0,0.0,0.904396,0.12,1.0,1,0,0,0,0,0,0
409556033,0.0,0.0,-2.25765,0.0,-0.427722,-0.0,0.0,0.90391,0.12,1.0,1,0,0,0,0,0,0
409658385,0.0875488,-0.13121,-2.25559,0.0,-0.429912,0.0404554,0.0675259,0.899433,0.295554,1.0,1,0,0,0,0,0,0
409760335,0.0571454,-0.158406,-2.25363,0.0,-0.430058,0.0591872,0.0596894,0.89888,0.315347,1.0,1,0,0,0,0,0,0
409862098,0.149355,-0.0995111,-2.25182,0.0,-0.431972,0.0127006,0.0886063,0.897434,0.296352,1.0,1,0,0,0,0,0,0
409963271,0.112468,-0.253526,-2.25019,0.0,-0.433366,0.089858,0.104721,0.890591,0.278938,1.0,1,0,0,0,0,0,0
410061244,0.14024,-0.12202,-2.24872,0.0,-0.433744,0.0246676,0.0893384,0.896257,0.264109,1.0,1,0,0,0,0,0,0
410162424,0.0918879,-0.060217,-2.24762,0.0,-0.432845,0.00727443,0.0543955,0.899796,0.259706,1.0,1,0,0,0,0,0,0
410265819,0.063678,-0.18327,-2.24667,0.0,-0.433271,0.0687403,0.0681522,0.89605,0.260991,1.0,1,0,0,0,0,0,0
410365646,0.0312876,-0.154201,-2.24596,0.0,-0.432744,0.0626676,0.047406,0.898086,0.257412,1.0,1,0,0,0,0,0,0
410468026,0.0655467,-0.114463,-2.24542,0.0,-0.433989,0.0373528,0.0542525,0.898507,0.243951,1.0,1,0,0,0,0,0,0
410570000,0.067928,-0.201089,-2.24489,0.0,-0.434115,0.0757566,0.0739323,0.894617,0.241275,1.0,1,0,0,0,0,0,0
410672508,0.0264259,-0.127246,-2.24451,0.0,-0.433494,0.0515678,0.0394508,0.898814,0.233796,1.0,1,0,0,0,0,0,0
410772841,0.0306144,-0.12181,-2.24433,0.0,-0.433717,0.0482111,0.0401634,0.898861,0.228572,1.0,1,0,0,0,0,0,0
410874467,-0.0223025,0.0793147,-2.24425,0.0,-0.433799,-0.0308875,-0.027236,0.900068,0.225134,1.0,1,0,0,0,0,0,0
410977265,-0.00372816,0.0640148,-2.24416,0.0,-0.433641,-0.0280256,-0.0155614,0.900515,0.227611,1.0,1,0,0,0,0,0,0
411079652,0.0901481,-0.0400298,-2.24408,0.0,-0.43413,-0.00153095,0.0492632,0.899501,0.22242,1.0,1,0,0,0,0,0,0
411180081,0.0675712,-0.0862725,-2.24383,0.0,-0.434621,0.0241834,0.0491073,0.898948,0.224085,1.0,1,0,0,0,0,0,0
411281810,0.0896763,-0.175871,-2.24364,0.0,-0.43548,0.0596585,0.0783051,0.8948,0.228163,1.0,1,0,0,0,0,0,0
411384322,0.0,0.0,-2.24335,0.0,-0.434174,-0.0,0.0,0.900829,0.12,1.0,1,0,0,0,0,0,0
411481984,0.0,0.0,-2.24311,0.0,-0.434281,-0.0,0.0,0.900777,0.12,1.0,1,0,0,0,0,0,0
411583277,0.0,0.0,-2.24273,0.0,-0.434453,-0.0,0.0,0.900695,0.12,1.0,1,0,0,0,0,0,0
411685094,0.0469417,-0.0812944,-2.24227,0.0,-0.435039,0.0263941,0.0387762,0.899189,0.326764,1.0,1,0,0,0,0,0,0
411786473,0.0483481,-0.0859951,-2.24174,0.0,-0.435304,0.0281927,0.0404343,0.898933,0.29266,1.0,1,0,0,0,0,0,0
411888251,0.118197,-0.0723055,-2.24123,0.0,-0.436009,0.00680301,0.068845,0.897279,0.265515,1.0,1,0,0,0,0,0,0
411990517,0.0854694,-0.0257485,-2.24078,0.0,-0.435395,-0.00701723,0.0440572,0.899133,0.236946,1.0,1,0,0,0,0,0,0
412092043,0.012845,-0.0485505,-2.24052,0.0,-0.43545,0.0190545,0.0163492,0.899863,0.228479,1.0,1,0,0,0,0,0,0
412193843,0.110574,-0.0533358,-2.24032,0.0,-0.436047,-9.28727e-05,0.0613206,0.897832,0.220977,1.0,1,0,0,0,0,0,0
412295306,0.0970348,-0.204238,-2.24024,0.0,-0.437248,0.07064,0.0877795,0.892255,0.220448,1.0,1,0,0,0,0,0,0
412398644,-0.0479911,-0.323339,-2.23995,0.0,-0.426421,0.15516,0.0487988,0.88978,0.23518,1.0,1,0,0,0,0,0,0
412499300,0.0948266,-0.419936,-2.2398,0.0,-0.434614,0.167187,0.132447,0.874995,0.242931,1.0,1,0,0,0,0,0,0
412601112,-0.0355613,-0.415293,-2.23975,0.0,-0.423066,0.193104,0.0741692,0.88217,0.253739,1.0,1,0,0,0,0,0,0
412702683,-0.0755237,-0.482362,-2.2396,0.0,-0.414829,0.230794,0.0710367,0.877271,0.261877,1.0,1,0,0,0,0,0,0
412804020,0.0443136,-0.440715,-2.23947,0.0,-0.429632,0.187245,0.114716,0.875897,0.273568,1.0,1,0,0,0,0,0,0
412906426,-0.00580882,-0.462289,-2.23929,0.0,-0.423807,0.207402,0.09734,0.876297,0.273672,1.0,1,0,0,0,0,0,0
413009420,0.0570172,-0.374318,-2.23898,0.0,-0.433122,0.155156,0.106322,0.881492,0.273189,1.0,1,0,0,0,0,0,0
413109658,0.0186749,-0.236027,-2.23874,0.0,-0.434184,0.101896,0.0597052,0.893049,0.25668,1.0,1,0,0,0,0,0,0
413211301,-0.0637243,-0.242661,-2.23845,0.0,-0.429481,0.122645,0.0243366,0.894378,0.261363,1.0,1,0,0,0,0,0,0
413313076,-0.0865395,-0.267915,-2.23827,0.0,-0.426949,0.138763,0.0196682,0.893349,0.244835,1.0,1,0,0,0,0,0,0
413415539,0.00331985,-0.153792,-2.23808,0.0,-0.435369,0.0683913,0.0350244,0.896967,0.227369,1.0,1,0,0,0,0,0,0
413517899,-0.0653372,-0.136854,-2.23794,0.0,-0.433345,0.0757069,0.00052007,0.898043,0.19927,1.0,1,0,0,0,0,0,0
413618457,0.0713335,-0.221022,-2.238,0.0,-0.43718,0.0836844,0.0800038,0.891891,0.187634,1.0,1,0,0,0,0,0,0
413720201,-0.0783275,-0.156212,-2.23802,0.0,-0.432158,0.0871855,-0.00108007,0.897573,0.178343,1.0,1,0,0,0,0,0,0
413822821,-0.0663664,-0.184449,-2.23811,0.0,-0.431689,0.0972316,0.0104577,0.896706,0.177637,1.0,1,0,0,0,0,0,0
413924039,-0.0592782,-0.199674,-2.23815,0.0,-0.431494,0.102506,0.0169593,0.896113,0.18966,1.0,1,0,0,0,0,0,0
414025657,-0.0820163,-0.143155,-2.23825,0.0,-0.432346,0.0821387,-0.00560263,0.897941,0.185854,1.0,1,0,0,0,0,0,0
414128330,-0.20185,-0.211216,-2.23833,0.0,-0.422236,0.138088,-0.0443759,0.894807,0.190783,1.0,1,0,0,0,0,0,0
414228926,-0.111227,-0.217311,-2.23841,0.0,-0.427731,0.121534,-0.00246711,0.895695,0.173874,1.0,1,0,0,0,0,0,0
414330432,0.0856028,-0.155827,-2.2382,0.0,-0.437766,0.051344,0.0723233,0.894703,0.169622,1.0,1,0,0,0,0,0,0
414433052,0.0811753,-0.16382,-2.23799,0.0,-0.437752,0.0558927,0.0720743,0.894458,0.16929,1.0,1,0,0,0,0,0,0
414534455,-0.0260294,-0.143055,-2.23771,0.0,-0.434724,0.0699548,0.01953,0.89763,0.169243,1.0,1,0,0,0,0,0,0
414636032,-0.0870023,-0.135335,-2.23747,0.0,-0.432765,0.0797191,-0.00952125,0.897924,0.167891,1.0,1,0,0,0,0,0,0
414737805,-0.00418069,-0.175943,-2.23708,0.0,-0.435138,0.0799348,0.0365204,0.896065,0.194631,1.0,1,0,0,0,0,0,0
414840340,0.0175678,-0.159064,-2.23688,0.0,-0.436314,0.0676274,0.0425996,0.896238,0.200876,1.0,1,0,0,0,0,0,0
414940816,-0.097522,-0.127005,-2.23649,0.0,-0.433079,0.0782738,-0.0160311,0.897808,0.175341,1.0,1,0,0,0,0,0,0
415043336,0.0547758,-0.107656,-2.23593,0.0,-0.438041,0.0363973,0.048119,0.896928,0.163325,1.0,1,0,0,0,0,0,0
415145161,0.0271969,-0.159011,-2.23527,0.0,-0.437358,0.0654645,0.0469555,0.895671,0.177565,1.0,1,0,0,0,0,0,0
415246445,-0.113736,-0.105672,-2.23468,0.0,-0.434057,0.0722617,-0.0279242,0.897548,0.188693,1.0,1,0,0,0,0,0,0
415348349,-0.0317796,-0.165372,-2.23336,0.0,-0.435934,0.0811578,0.0219957,0.896042,0.202304,1.0,1,0,0,0,0,0,0
415450495,0.0909441,-0.171267,-2.23256,0.0,-0.440459,0.0568827,0.0782024,0.89255,0.216314,1.0,1,0,0,0,0,0,0
415553098,0.00258458,-0.0984907,-2.23169,0.0,-0.438942,0.0436512,0.02279,0.897165,0.219302,1.0,1,0,0,0,0,0,0
415653984,0.0489904,-0.170361,-2.23102,0.0,-0.439866,0.0656574,0.0593171,0.893694,0.217869,1.0,1,0,0,0,0,0,0
415755326,-0.0351203,-0.19614,-2.22983,0.0,-0.436528,0.0955933,0.0274099,0.894178,0.209145,1.0,1,0,0,0,0,0,0
415857842,0.0875409,-0.0877569,-2.2291,0.0,-0.44146,0.0200801,0.0585503,0.895143,0.211785,1.0,1,0,0,0,0,0,0
415958772,-0.0455671,-0.193444,-2.22795,0.0,-0.436949,0.0966483,0.0222366,0.894002,0.210663,1.0,1,0,0,0,0,0,0
416060858,0.0631994,-0.0815824,-2.22757,0.0,-0.441837,0.0226465,0.0463144,0.895613,0.200268,1.0,1,0,0,0,0,0,0
416162441,-0.0331652,-0.204295,-2.2265,0.0,-0.437868,0.0987555,0.0302402,0.893087,0.205643,1.0,1,0,0,0,0,0,0
416264312,0.0936185,-0.13334,-2.22618,0.0,-0.443225,0.0390667,0.0712895,0.892717,0.197659,1.0,1,0,0,0,0,0,0
416366455,-0.0399381,-0.148718,-2.2249,0.0,-0.439824,0.0754201,0.0150071,0.894786,0.187256,1.0,1,0,0,0,0,0,0
416468302,0.0314683,-0.110733,-2.22438,0.0,-0.442746,0.0426595,0.0385813,0.894801,0.178406,1.0,1,0,0,0,0,0,0
416569680,-0.0449802,-0.0615437,-2.22277,0.0,-0.442478,0.0375369,-0.00650772,0.89597,0.182451,1.0,1,0,0,0,0,0,0
416671589,-0.0801632,-0.11267,-2.22172,0.0,-0.440807,0.0681724,-0.0108766,0.894943,0.193057,1.0,1,0,0,0,0,0,0
416772798,0.00911581,-0.103215,-2.2201,0.0,-0.444232,0.0441812,0.0270124,0.894414,0.198061,1.0,1,0,0,0,0,0,0
416874461,0.136491,-0.130496,-2.21884,0.0,-0.44718,0.0279551,0.0898917,0.889476,0.201207,1.0,1,0,0,0,0,0,0
416977156,-0.00404632,-0.129387,-2.21725,0.0,-0.444844,0.0587659,0.0270192,0.893269,0.215553,1.0,1,0,0,0,0,0,0
417078704,0.0705711,-0.0596588,-2.21652,0.0,-0.446685,0.0109396,0.0448575,0.893499,0.222231,1.0,1,0,0,0,0,0,0
417181278,0.0425227,-0.106228,-2.2148,0.0,-0.447265,0.0379903,0.0427157,0.892573,0.224016,1.0,1,0,0,0,0,0,0
417281665,0.0597787,-0.116169,-2.21387,0.0,-0.448004,0.0385462,0.052643,0.891648,0.225466,1.0,1,0,0,0,0,0,0
417379308,0.0337711,-0.112473,-2.2119,0.0,-0.448363,0.0426783,0.0402625,0.891924,0.216701,1.0,1,0,0,0,0,0,0
417482026,0.0204663,-0.118149,-2.21094,0.0,-0.448448,0.0481762,0.0356197,0.891798,0.214645,1.0,1,0,0,0,0,0,0
417583226,0.114521,-0.12916,-2.20857,0.0,-0.451397,0.0318583,0.0799861,0.88816,0.207452,1.0,1,0,0,0,0,0,0
417685421,0.0416002,-0.107625,-2.2075,0.0,-0.4505,0.0386648,0.0427564,0.890913,0.206892,1.0,1,0,0,0,0,0,0
417786681,0.137217,-0.123832,-2.20577,0.0,-0.452885,0.0242351,0.0889108,0.886794,0.217491,1.0,1,0,0,0,0,0,0
417888136,-0.0777899,-0.124356,-2.20397,0.0,-0.448458,0.0729272,-0.00656815,0.8908,0.238099,1.0,1,0,0,0,0,0,0
417990693,0.129735,-0.0104461,-2.20129,0.0,-0.452366,-0.024719,0.0601492,0.889458,0.227137,1.0,1,0,0,0,0,0,0
418092048,0.0510633,-0.0970566,-2.19947,0.0,-0.454255,0.0316396,0.0447296,0.889185,0.251203,1.0,1,0,0,0,0,0,0
418194072,0.152305,-0.0609919,-2.19627,0.0,-0.455792,-0.00754976,0.0815471,0.886311,0.241358,1.0,1,0,0,0,0,0,0
418295609,-0.0741351,-0.130815,-2.19416,0.0,-0.452751,0.0749935,-0.00311078,0.888472,0.262745,1.0,1,0,0,0,0,0,0
418398037,0.026171,-0.0692611,-2.19106,0.0,-0.457664,0.0247998,0.0274695,0.888355,0.257381,1.0,1,0,0,0,0,0,0
418498436,-0.0116843,-0.0677047,-2.18736,0.0,-0.458774,0.0327468,0.0103557,0.887889,0.239411,1.0,1,0,0,0,0,0,0
418601174,0.0891541,-0.0780595,-2.18468,0.0,-0.461146,0.0141024,0.0574754,0.885348,0.242486,1.0,1,0,0,0,0,0,0
418702769,0.123794,-0.0946412,-2.18145,0.0,-0.463036,0.0133393,0.0766084,0.882922,0.242117,1.0,1,0,0,0,0,0,0
418804054,0.00415614,-0.112061,-2.17843,0.0,-0.462556,0.0486707,0.0277775,0.884817,0.230741,1.0,1,0,0,0,0,0,0
418902485,0.045947,-0.0672962,-2.17477,0.0,-0.465099,0.0191079,0.0359604,0.884321,0.223195,1.0,1,0,0,0,0,0,0
419003432,-0.0378928,-0.121671,-2.17113,0.0,-0.464447,0.0625903,0.0116245,0.88331,0.208063,1.0,1,0,0,0,0,0,0
419105896,0.0900196,-0.10234,-2.16778,0.0,-0.468843,0.0241326,0.063621,0.880656,0.198953,1.0,1,0,0,0,0,0,0
419207673,0.0215845,-0.054287,-2.16478,0.0,-0.469276,0.0189037,0.0222606,0.882569,0.203269,1.0,1,0,0,0,0,0,0
419309190,-0.134766,-0.00740152,-2.16131,0.0,-0.469458,0.0349538,-0.057666,0.880376,0.213806,1.0,1,0,0,0,0,0,0
419410443,0.0568287,0.146778,-2.15794,0.0,-0.468937,-0.0779866,-0.00963612,0.879729,0.205592,1.0,1,0,0,0,0,0,0
419512390,-0.0664996,0.164399,-2.15486,0.0,-0.474137,-0.0565844,-0.0680441,0.875992,0.209253,1.0,1,0,0,0,0,0,0
419614491,0.107892,0.28956,-2.14972,0.0,-0.463348,-0.152098,-0.0216262,0.872758,0.213792,1.0,1,0,0,0,0,0,0
419716031,-0.0690842,0.20571,-2.1429,0.0,-0.479152,-0.073633,-0.0792944,0.871036,0.206091,1.0,1,0,0,0,0,0,0
419817941,0.0522615,0.223771,-2.13705,0.0,-0.475689,-0.110328,-0.0309755,0.872117,0.20706,1.0,1,0,0,0,0,0,0
419919959,-0.0276659,0.230209,-2.12988,0.0,-0.482693,-0.0937986,-0.0676661,0.868119,0.207494,1.0,1,0,0,0,0,0,0
420021724,0.12491,0.269786,-2.1228,0.0,-0.47495,-0.147341,-0.0114584,0.867515,0.215127,1.0,1,0,0,0,0,0,0
420123285,-0.019494,0.189299,-2.11365,0.0,-0.490216,-0.0775232,-0.0549111,0.866408,0.209926,1.0,1,0,0,0,0,0,0
420225094,0.130047,0.20452,-2.10243,0.0,-0.487122,-0.120516,0.00552961,0.864961,0.209247,1.0,1,0,0,0,0,0,0
420326504,-0.0747949,0.227058,-2.0888,0.0,0.502502,0.0792164,0.0889962,-0.856327,0.203527,1.0,1,0,0,0,0,0,0
420428376,0.0613029,0.203473,-2.07363,0.0,0.503414,0.102899,0.0254225,-0.85752,0.199313,1.0,1,0,0,0,0,0,0
420526445,0.00174025,0.223606,-2.05354,0.0,0.514269,0.0959108,0.0570072,-0.85034,0.200744,1.0,1,0,0,0,0,0,0
420628118,-0.0368814,0.122459,-2.03184,0.0,0.526722,0.0423049,0.0478761,-0.847633,0.212565,1.0,1,0,0,0,0,0,0
420729664,-0.0325513,0.191551,-2.0061,0.0,0.53651,0.0719043,0.065075,-0.838303,0.231167,1.0,1,0,0,0,0,0,0
420832340,0.148698,0.251264,-1.98057,0.0,0.534843,0.144904,0.00690987,-0.832405,0.231304,1.0,1,0,0,0,0,0,0
420932791,0.0156228,-0.208865,-1.96731,0.0,0.551625,-0.0824785,-0.0642144,-0.827517,0.12,-1.0,1,0,0,0,0,0,0
421035261,-0.149516,-0.0217261,-1.96731,0.0,0.551727,-0.0503919,0.0561755,-0.830604,0.120179,-1.0,1,0,0,0,0,0,0
421136807,0.0453757,-0.0385382,-1.96731,0.0,0.5541,-0.00347174,-0.0295545,-0.831918,0.166454,-1.0,1,0,0,0,0,0,0
421239537,0.0660913,0.0516397,-1.96731,0.0,0.552785,0.0397789,-0.0132029,-0.832269,0.197061,-1.0,1,0,0,0,0,0,0
421340096,0.163154,0.131911,-1.96731,0.0,0.546468,0.0997314,-0.0313024,-0.830931,0.219369,-1.0,1,0,0,0,0,0,0
421442425,0.103815,0.161958,-1.96731,0.0,0.547929,0.0959017,0.00169816,-0.831008,0.229654,-1.0,1,0,0,0,0,0,0
421544273,0.11957,0.145782,-1.96731,0.0,0.547901,0.0935338,-0.0093387,-0.831245,0.234591,-1.0,1,0,0,0,0,0,0
421645633,0.130559,0.164234,-1.96731,0.0,0.546485,0.104159,-0.00878192,-0.83092,0.235102,-1.0,1,0,0,0,0,0,0
421747238,0.170872,0.121705,-1.96731,0.0,0.546619,0.0976306,-0.0373425,-0.830832,0.232729,-1.0,1,0,0,0,0,0,0
421849644,0.0353534,0.200436,-1.96731,0.0,0.549644,0.0930246,0.0407756,-0.829202,0.231093,-1.0,1,0,0,0,0,0,0
421950526,0.158837,0.137093,-1.96731,0.0,0.546415,0.100689,-0.0280694,-0.830966,0.225767,-1.0,1,0,0,0,0,0,0
422049614,0.136849,0.159046,-1.96731,0.0,0.546417,0.103737,-0.0128364,-0.830965,0.221678,-1.0,1,0,0,0,0,0,0
422150397,0.0903148,0.189224,-1.96731,0.0,0.547392,0.103466,0.0148679,-0.830323,0.21584,-1.0,1,0,0,0,0,0,0
422251916,0.122794,0.113729,-1.96731,0.0,0.549141,0.081163,-0.0195743,-0.831549,0.219074,-1.0,1,0,0,0,0,0,0
422353887,0.0936095,0.138285,-1.96731,0.0,0.549362,0.0833119,-0.000627728,-0.83142,0.222636,-1.0,1,0,0,0,0,0,0
422455975,0.162452,0.10827,-1.96731,0.0,0.547692,0.0897812,-0.0375734,-0.831,0.219601,-1.0,1,0,0,0,0,0,0
422556815,0.0105765,0.179456,-1.96731,0.0,0.551351,0.0775176,0.0452554,-0.829431,0.214754,-1.0,1,0,0,0,0,0,0
422659267,0.168653,0.122582,-1.96731,0.0,0.546682,0.097386,-0.0361772,-0.830871,0.216612,-1.0,1,0,0,0,0,0,0
422761048,-0.0256337,0.140776,-1.96731,0.0,0.553315,0.0514645,0.0496021,-0.8299,0.219707,-1.0,1,0,0,0,0,0,0
422862371,0.179021,0.0628351,-1.96731,0.0,0.549154,0.0755436,-0.0570517,-0.830342,0.219368,-1.0,1,0,0,0,0,0,0
422963986,-0.00633046,0.121437,-1.96731,0.0,0.553118,0.0487685,0.0362465,-0.830884,0.217283,-1.0,1,0,0,0,0,0,0
423066415,0.149785,0.0157536,-1.96731,0.0,0.551921,0.0479881,-0.0579384,-0.830496,0.210991,-1.0,1,0,0,0,0,0,0
423168346,0.0536553,0.0918331,-1.96731,0.0,0.552174,0.0530442,0.00311028,-0.832034,0.210332,-1.0,1,0,0,0,0,0,0
423269638,0.140193,0.052889,-1.96731,0.0,0.550886,0.060746,-0.0436772,-0.83122,0.21164,-1.0,1,0,0,0,0,0,0
423371502,0.12084,0.0868905,-1.96731,0.0,0.550266,0.0695117,-0.0262069,-0.831678,0.209557,-1.0,1,0,0,0,0,0,0
423473819,-0.0125537,0.0476612,-1.96731,0.0,0.553938,0.0163612,0.0184244,-0.832193,0.213564,-1.0,1,0,0,0,0,0,0
423574446,0.147464,0.051795,-1.96731,0.0,0.550703,0.062295,-0.0470018,-0.831045,0.208872,-1.0,1,0,0,0,0,0,0
423673850,0.114248,0.160468,-1.96731,0.0,0.547489,0.0981436,-0.00305063,-0.831032,0.211171,-1.0,1,0,0,0,0,0,0
423774651,0.124193,0.109968,-1.96731,0.0,0.549239,0.0799909,-0.0211998,-0.831558,0.195346,-1.0,1,0,0,0,0,0,0
423876017,0.0775386,0.122225,-1.96731,0.0,0.550561,0.0722399,0.00160038,-0.831662,0.202107,-1.0,1,0,0,0,0,0,0
423977624,0.014096,0.120326,-1.96731,0.0,0.552613,0.0539533,0.0274513,-0.831237,0.200932,-1.0,1,0,0,0,0,0,0
424080299,0.114809,0.0736935,-1.96731,0.0,0.550934,0.0623807,-0.0273582,-0.831764,0.21178,-1.0,1,0,0,0,0,0,0
424181636,-0.0794943,0.105756,-1.96731,0.0,0.554519,0.0219846,0.0622924,-0.829545,0.209991,-1.0,1,0,0,0,0,0,0
424283159,0.0673386,-0.0129277,-1.96731,0.0,0.553838,0.01327,-0.0316036,-0.831919,0.211082,-1.0,1,0,0,0,0,0,0
424385027,0.0205912,0.105044,-1.96731,0.0,0.552739,0.0493991,0.0205218,-0.831636,0.205519,-1.0,1,0,0,0,0,0,0
424486384,0.137272,0.085424,-1.96731,0.0,0.549736,0.0734231,-0.0334458,-0.831433,0.201775,-1.0,1,0,0,0,0,0,0
424588998,-0.0662621,0.102938,-1.96731,0.0,0.554363,0.0244805,0.0560256,-0.830026,0.205463,-1.0,1,0,0,0,0,0,0
424690413,0.136118,0.0204502,-1.96731,0.0,0.552092,0.0461653,-0.0509632,-0.830943,0.202169,-1.0,1,0,0,0,0,0,0
424792260,-0.0369764,0.0884036,-1.96731,0.0,0.554026,0.0265495,0.0398509,-0.831121,0.207265,-1.0,1,0,0,0,0,0,0
424893642,0.0628714,0.00698881,-1.96731,0.0,0.553613,0.0203196,-0.0242318,-0.832173,0.205953,-1.0,1,0,0,0,0,0,0
424995395,-0.0938079,0.135036,-1.96731,0.0,0.554745,0.030191,0.0762799,-0.827966,0.209498,-1.0,1,0,0,0,0,0,0
425096851,0.0549964,0.077656,-1.96731,0.0,0.552467,0.0475252,-0.00137644,-0.832178,0.205882,-1.0,1,0,0,0,0,0,0
425195159,-0.0744091,0.0859548,-1.96731,0.0,0.554418,0.0151573,0.054723,-0.830299,0.204757,-1.0,1,0,0,0,0,0,0
425297046,0.0364443,0.0147564,-1.96731,0.0,0.553763,0.0162354,-0.0110825,-0.832442,0.206059,-1.0,1,0,0,0,0,0,0
425398662,0.00528699,0.0857656,-1.96731,0.0,0.553376,0.0371532,0.0215502,-0.831823,0.203595,-1.0,1,0,0,0,0,0,0
425500098,0.146907,0.0776331,-1.96731,0.0,0.549701,0.0728452,-0.0396107,-0.831236,0.205173,-1.0,1,0,0,0,0,0,0
425602604,-0.0337471,0.0496169,-1.96731,0.0,0.554081,0.0113044,0.0277828,-0.831922,0.211021,-1.0,1,0,0,0,0,0,0
425704329,0.0141573,0.0884643,-1.96731,0.0,0.553166,0.0407292,0.0186079,-0.831867,0.214799,-1.0,1,0,0,0,0,0,0
425805637,-0.0124729,0.0345917,-1.96731,0.0,0.553978,0.010944,0.0147721,-0.832328,0.216867,-1.0,1,0,0,0,0,0,0
425907455,0.0167465,0.0302873,-1.96731,0.0,0.553793,0.0172446,0.00141858,-0.832474,0.2194,-1.0,1,0,0,0,0,0,0
426008923,0.0797185,0.0333693,-1.96731,0.0,0.552911,0.0359512,-0.0239353,-0.83212,0.216476,-1.0,1,0,0,0,0,0,0
426110716,-0.0857691,0.0840781,-1.96731,0.0,0.554484,0.0112272,0.0589207,-0.83003,0.213689,-1.0,1,0,0,0,0,0,0
426212880,0.0820911,0.0297238,-1.96731,0.0,0.552947,0.0350917,-0.0259323,-0.832074,0.219283,-1.0,1,0,0,0,0,0,0
426314395,0.0081302,-0.026927,-1.96731,0.0,0.553973,-0.00895653,-0.0108422,-0.832416,0.220336,-1.0,1,0,0,0,0,0,0
426416385,-0.074257,0.0858187,-1.96731,0.0,0.554416,0.0151429,0.0546223,-0.830307,0.215403,-1.0,1,0,0,0,0,0,0
426517566,0.0476326,0.0174155,-1.96731,0.0,0.553631,0.0204394,-0.0150027,-0.832376,0.212925,-1.0,1,0,0,0,0,0,0
426619504,-0.114949,0.13182,-1.96731,0.0,0.555016,0.0229884,0.0841451,-0.827253,0.213872,-1.0,1,0,0,0,0,0,0
426717564,-0.0124115,0.0372653,-1.96731,0.0,0.553971,0.0120738,0.0154869,-0.832304,0.214929,-1.0,1,0,0,0,0,0,0
426819475,-0.0672137,0.134853,-1.96731,0.0,0.554296,0.0374886,0.0652136,-0.828914,0.214555,-1.0,1,0,0,0,0,0,0
426920997,0.0569329,0.101191,-1.96731,0.0,0.55185,0.0578347,0.00434006,-0.831924,0.218323,-1.0,1,0,0,0,0,0,0
427022658,0.00186314,0.0102533,-1.96731,0.0,0.55397,0.00478414,0.00206451,-0.83252,0.21835,-1.0,1,0,0,0,0,0,0
427124021,-0.13206,0.0994353,-1.96731,0.0,0.554822,0.00477637,0.0823355,-0.827871,0.216133,-1.0,1,0,0,0,0,0,0
427226398,0.0203836,0.102257,-1.96731,0.0,0.552796,0.0481839,0.0198368,-0.831686,0.217941,-1.0,1,0,0,0,0,0,0
427328221,-0.0065608,0.0274629,-1.96731,0.0,0.553964,0.00961428,0.0103375,-0.832421,0.213761,-1.0,1,0,0,0,0,0,0
427429698,-0.0780976,0.133518,-1.96731,0.0,0.554495,0.0339163,0.0693561,-0.828598,0.211615,-1.0,1,0,0,0,0,0,0
427531494,0.113044,0.0808758,-1.96731,0.0,0.550744,0.0648728,-0.0246328,-0.831785,0.207906,-1.0,1,0,0,0,0,0,0
427632784,-0.0579328,0.0650715,-1.96731,0.0,0.554241,0.0110347,0.0421127,-0.831217,0.215753,-1.0,1,0,0,0,0,0,0
427735504,-0.0421192,0.0740712,-1.96731,0.0,0.554128,0.0191615,0.0380272,-0.831341,0.223779,-1.0,1,0,0,0,0,0,0
427836786,0.0232146,0.0228393,-1.96731,0.0,0.553798,0.015936,-0.00333688,-0.832492,0.220663,-1.0,1,0,0,0,0,0,0
427938718,-0.0994897,0.0505524,-1.96731,0.0,0.554166,-0.00652269,0.0553675,-0.830537,0.223776,-1.0,1,0,0,0,0,0,0
428040017,0.141242,0.0498005,-1.96731,0.0,0.550967,0.0597544,-0.0449684,-0.831169,0.220661,-1.0,1,0,0,0,0,0,0
428137903,-0.0467754,0.136899,-1.96731,0.0,0.553865,0.0440012,0.0573034,-0.829466,0.219145,-1.0,1,0,0,0,0,0,0
428239245,0.0249686,0.0599922,-1.96731,0.0,0.553378,0.0318797,0.0062249,-0.832297,0.214548,-1.0,1,0,0,0,0,0,0
428341592,-0.126809,0.0040615,-1.96731,0.0,0.552975,-0.0334142,0.0538735,-0.830783,0.219935,-1.0,1,0,0,0,0,0,0
428443163,-0.0633834,0.0418533,-1.96731,0.0,0.554134,-0.000137833,0.0379604,-0.831561,0.216632,-1.0,1,0,0,0,0,0,0
428545233,0.0878469,0.0220966,-1.96731,0.0,0.55301,0.0335125,-0.030439,-0.831944,0.211113,-1.0,1,0,0,0,0,0,0
428648033,-0.0759922,0.129069,-1.96731,0.0,0.554469,0.0326505,0.0672598,-0.828839,0.214929,-1.0,1,0,0,0,0,0,0
428748994,0.0152462,0.113071,-1.96731,0.0,0.552722,0.0512573,0.0249658,-0.831413,0.213936,-1.0,1,0,0,0,0,0,0
428850432,0.0512737,0.0306811,-1.96731,0.0,0.553407,0.0269659,-0.0128433,-0.832375,0.217416,-1.0,1,0,0,0,0,0,0
428952089,-0.0237723,0.0873701,-1.96731,0.0,0.553846,0.0297767,0.0340772,-0.831388,0.21742,-1.0,1,0,0,0,0,0,0
429054423,0.129858,0.0577432,-1.96731,0.0,0.551025,0.0599117,-0.0380363,-0.831466,0.220787,-1.0,1,0,0,0,0,0,0
429155199,-0.0602844,0.0765453,-1.96731,0.0,0.554285,0.0151573,0.0462596,-0.830902,0.216826,-1.0,1,0,0,0,0,0,0
429257693,-0.059203,0.0684584,-1.96731,0.0,0.554258,0.012092,0.0435764,-0.831115,0.218265,-1.0,1,0,0,0,0,0,0
429359510,0.104491,0.118385,-1.96731,0.0,0.549685,0.0780627,-0.0106722,-0.831648,0.219301,-1.0,1,0,0,0,0,0,0
429460766,0.0354821,0.0441035,-1.96731,0.0,0.553434,0.0281797,-0.00255223,-0.832412,0.216576,-1.0,1,0,0,0,0,0,0
429562603,-0.0542682,0.0690362,-1.96731,0.0,0.554228,0.0137,0.0416853,-0.831208,0.212907,-1.0,1,0,0,0,0,0,0
429660324,0.112229,0.0781091,-1.96731,0.0,0.550865,0.0635011,-0.0250609,-0.831798,0.215108,-1.0,1,0,0,0,0,0,0
429762440,-0.0289535,0.122236,-1.96731,0.0,0.553626,0.0428411,0.0458632,-0.830397,0.21242,-1.0,1,0,0,0,0,0,0
429864326,-0.000744876,-0.00374669,-1.96731,0.0,0.55398,-0.00176593,-0.000727732,-0.832528,0.213002,-1.0,1,0,0,0,0,0,0
429965916,0.0216088,0.0160238,-1.96731,0.0,0.55386,0.0126548,-0.00455636,-0.832501,0.210494,-1.0,1,0,0,0,0,0,0
430067250,0.0533265,0.076102,-1.96731,0.0,0.55254,0.0464181,-0.00111223,-0.832192,0.210539,-1.0,1,0,0,0,0,0,0
430169166,0.138892,0.0631363,-1.96731,0.0,0.550548,0.0646356,-0.0402976,-0.831322,0.204576,-1.0,1,0,0,0,0,0,0
430271500,-0.0324858,0.106364,-1.96731,0.0,0.553845,0.0352638,0.0429471,-0.830764,0.210257,-1.0,1,0,0,0,0,0,0
430372810,0.101542,0.0411974,-1.96731,0.0,0.55228,0.0452337,-0.0308453,-0.831859,0.209264,-1.0,1,0,0,0,0,0,0
430474515,-0.0423042,0.0894669,-1.96731,0.0,0.554091,0.0255158,0.0423585,-0.830986,0.217297,-1.0,1,0,0,0,0,0,0
430576396,0.0257765,0.00657656,-1.96731,0.0,0.553898,0.00987699,-0.00890801,-0.832479,0.21181,-1.0,1,0,0,0,0,0,0
430678442,-0.0271149,0.0780052,-1.96731,0.0,0.55395,0.0249549,0.0328773,-0.831526,0.218629,-1.0,1,0,0,0,0,0,0
430780395,-0.0522588,0.0472108,-1.96731,0.0,0.554152,0.00517412,0.0348162,-0.831671,0.212481,-1.0,1,0,0,0,0,0,0
430881584,0.101172,0.0494573,-1.96731,0.0,0.552063,0.0485622,-0.0284034,-0.831902,0.216865,-1.0,1,0,0,0,0,0,0
430983264,0.0156012,0.104367,-1.96731,0.0,0.552872,0.0477387,0.0224094,-0.831595,0.220849,-1.0,1,0,0,0,0,0,0
431084779,0.155912,0.0753128,-1.96731,0.0,0.549467,0.0743593,-0.0439962,-0.831036,0.220574,-1.0,1,0,0,0,0,0,0
431186459,-0.0259064,0.0456702,-1.96731,0.0,0.554037,0.0118339,0.0234289,-0.832078,0.222633,-1.0,1,0,0,0,0,0,0
431284866,0.0813129,0.0128176,-1.96731,0.0,0.553296,0.0278473,-0.0302903,-0.831968,0.227605,-1.0,1,0,0,0,0,0,0
431386663,-0.0249865,0.0896778,-1.96731,0.0,0.553848,0.0304003,0.0352199,-0.831317,0.225282,-1.0,1,0,0,0,0,0,0
431488274,0.0372549,0.0270938,-1.96731,0.0,0.553625,0.0215936,-0.00800235,-0.832448,0.219095,-1.0,1,0,0,0,0,0,0
431589861,-0.124894,0.0389986,-1.96731,0.0,0.55381,-0.0183644,0.0627258,-0.830074,0.222672,-1.0,1,0,0,0,0,0,0
431691167,0.114221,-0.0266613,-1.96731,0.0,0.553663,0.0205385,-0.0548889,-0.830676,0.216083,-1.0,1,0,0,0,0,0,0
431792999,-0.0395842,0.0520039,-1.96731,0.0,0.554115,0.0106807,0.030871,-0.831799,0.219526,-1.0,1,0,0,0,0,0,0
431895257,0.0581425,0.0234135,-1.96731,0.0,0.553427,0.0258434,-0.0177151,-0.832308,0.215527,-1.0,1,0,0,0,0,0,0
431996837,-0.171568,0.00545185,-1.96731,0.0,0.552137,-0.0452034,0.0728346,-0.829335,0.217589,-1.0,1,0,0,0,0,0,0
432098370,0.0925219,-0.00140427,-1.96731,0.0,0.553416,0.0250346,-0.0388884,-0.83162,0.210346,-1.0,1,0,0,0,0,0,0
432200762,0.00409677,0.044633,-1.96731,0.0,0.553805,0.019712,0.010657,-0.832345,0.208373,-1.0,1,0,0,0,0,0,0
432302678,0.017198,0.0611131,-1.96731,0.0,0.553484,0.0301957,0.00976905,-0.832255,0.208617,-1.0,1,0,0,0,0,0,0
432403913,-0.130675,0.0898884,-1.96731,0.0,0.554684,0.00119153,0.0791384,-0.828288,0.212233,-1.0,1,0,0,0,0,0,0
432505618,0.0789096,0.00287373,-1.96731,0.0,0.553503,0.0230468,-0.0320433,-0.831911,0.209207,-1.0,1,0,0,0,0,0,0
432607496,-0.00489062,0.101996,-1.96731,0.0,0.553364,0.041086,0.0302728,-0.831375,0.217751,-1.0,1,0,0,0,0,0,0
432708709,0.0806708,0.0169246,-1.96731,0.0,0.553227,0.0293775,-0.028886,-0.832011,0.218011,-1.0,1,0,0,0,0,0,0
432806333,0.0435419,0.0119743,-1.96731,0.0,0.553732,0.0170428,-0.0148072,-0.832389,0.221935,-1.0,1,0,0,0,0,0,0
432909158,0.105673,-0.00775442,-1.96731,0.0,0.553375,0.0260333,-0.046112,-0.831247,0.220526,-1.0,1,0,0,0,0,0,0
433010447,-0.0810218,0.0648453,-1.96731,0.0,0.554329,0.00454155,0.0516432,-0.830681,0.220395,-1.0,1,0,0,0,0,0,0
433112196,0.0285842,-0.0303162,-1.96731,0.0,0.554042,-0.00470139,-0.020293,-0.832228,0.223537,-1.0,1,0,0,0,0,0,0
433213598,-0.0504642,0.0593567,-1.96731,0.0,0.554185,0.0107261,0.0374286,-0.831482,0.225287,-1.0,1,0,0,0,0,0,0
433316025,-0.0465588,0.059177,-1.96731,0.0,0.554163,0.0117335,0.0357552,-0.831557,0.220296,-1.0,1,0,0,0,0,0,0
433417662,0.0736893,0.0322393,-1.96731,0.0,0.55304,0.0338144,-0.0217398,-0.832185,0.221846,-1.0,1,0,0,0,0,0,0
433519315,-0.0405411,0.00518683,-1.96731,0.0,0.55391,-0.00907008,0.018311,-0.832326,0.218355,-1.0,1,0,0,0,0,0,0
433621216,-0.0068301,0.0717811,-1.96731,0.0,0.553724,0.0279827,0.0227196,-0.83192,0.214035,-1.0,1,0,0,0,0,0,0
433722675,0.0880156,0.0454469,-1.96731,0.0,0.55247,0.0432633,-0.0240414,-0.832062,0.214348,-1.0,1,0,0,0,0,0,0
433825066,-0.077985,0.0232602,-1.96731,0.0,0.553901,-0.0119194,0.0388898,-0.831588,0.220782,-1.0,1,0,0,0,0,0,0
433926688,-0.0660643,0.0441708,-1.96731,0.0,0.554152,8.37893e-05,0.0397158,-0.831467,0.221989,-1.0,1,0,0,0,0,0,0
434027949,0.13722,-0.0195231,-1.96731,0.0,0.553209,0.0298695,-0.0624671,-0.83016,0.22471,-1.0,1,0,0,0,0,0,0
434129985,-0.0300901,0.0591855,-1.96731,0.0,0.554047,0.0162997,0.0289091,-0.831823,0.226335,-1.0,1,0,0,0,0,0,0
434231670,-0.00482436,0.0478382,-1.96731,0.0,0.55387,0.0185755,0.0152571,-0.832256,0.229837,-1.0,1,0,0,0,0,0,0
434333825,0.13679,0.00999678,-1.96731,0.0,0.552395,0.0420113,-0.0541334,-0.830761,0.222891,-1.0,1,0,0,0,0,0,0
434435234,-0.00429975,0.0274878,-1.96731,0.0,0.553953,0.0102509,0.00940329,-0.832432,0.221258,-1.0,1,0,0,0,0,0,0
434537045,0.0200647,0.0707692,-1.96731,0.0,0.553312,0.0350052,0.0112505,-0.832162,0.228162,-1.0,1,0,0,0,0,0,0
434638844,0.14835,0.00167716,-1.96731,0.0,0.552407,0.0417502,-0.061233,-0.830274,0.225883,-1.0,1,0,0,0,0,0,0
434740021,-0.026318,0.050621,-1.96731,0.0,0.554034,0.0137804,0.0249703,-0.832006,0.225861,-1.0,1,0,0,0,0,0,0
434842808,-0.115149,0.0905422,-1.96731,0.0,0.554665,0.00576931,0.072886,-0.828855,0.218573,-1.0,1,0,0,0,0,0,0
434944213,0.0769303,0.0427601,-1.96731,0.0,0.552761,0.0390838,-0.0201736,-0.832178,0.214956,-1.0,1,0,0,0,0,0,0
435045587,-0.0822976,0.0746943,-1.96731,0.0,0.554406,0.00828565,0.0548913,-0.830393,0.213293,-1.0,1,0,0,0,0,0,0
435147257,0.0248396,0.0802701,-1.96731,0.0,0.553078,0.0402767,0.0118951,-0.83207,0.218519,-1.0,1,0,0,0,0,0,0
435249248,0.0191925,0.020759,-1.96731,0.0,0.553844,0.0139565,-0.0022389,-0.832501,0.218324,-1.0,1,0,0,0,0,0,0
435351402,-0.0772251,0.0817817,-1.96731,0.0,0.55442,0.0126405,0.0547408,-0.830339,0.219165,-1.0,1,0,0,0,0,0,0
435452782,0.0726403,-0.0243983,-1.96731,0.0,0.553944,0.00996558,-0.0369822,-0.831672,0.210395,-1.0,1,0,0,0,0,0,0
435554592,-0.132428,-0.0264496,-1.96731,0.0,0.551991,-0.0476369,0.0477699,-0.831116,0.213953,-1.0,1,0,0,0,0,0,0
435656045,0.0099798,0.0580471,-1.96731,0.0,0.553621,0.0269224,0.0119236,-0.832248,0.209548,-1.0,1,0,0,0,0,0,0
435757581,-0.0298097,0.0726696,-1.96731,0.0,0.554006,0.0219885,0.0325222,-0.831587,0.209645,-1.0,1,0,0,0,0,0,0
435856800,-0.0158041,-0.00943638,-1.96731,0.0,0.553927,-0.0083054,0.00396486,-0.832514,0.207008,-1.0,1,0,0,0,0,0,0
435957615,-0.157392,0.0669029,-1.96731,0.0,0.554147,-0.015769,0.0838833,-0.828031,0.207476,-1.0,1,0,0,0,0,0,0
436059273,0.047339,0.0853322,-1.96731,0.0,0.552482,0.0485993,0.00393669,-0.832097,0.211163,-1.0,1,0,0,0,0,0,0
436161041,-0.0595337,0.0328142,-1.96731,0.0,0.554068,-0.00283291,0.0338595,-0.831777,0.209099,-1.0,1,0,0,0,0,0,0
436263462,-0.108295,0.0171708,-1.96731,0.0,0.553536,-0.0228438,0.0498046,-0.83102,0.210411,-1.0,1,0,0,0,0,0,0
436365150,0.0749222,0.00901078,-1.96731,0.0,0.553447,0.0244959,-0.0286857,-0.83203,0.209295,-1.0,1,0,0,0,0,0,0
436466440,-0.0100163,0.103965,-1.96731,0.0,0.553443,0.0404861,0.0329477,-0.83125,0.207366,-1.0,1,0,0,0,0,0,0
436568070,-0.0168961,0.0549989,-1.96731,0.0,0.553946,0.0182121,0.0222622,-0.832056,0.215841,-1.0,1,0,0,0,0,0,0
436670118,0.00762252,-0.0169474,-1.96731,0.0,0.553985,-0.00494315,-0.00786704,-0.832475,0.208113,-1.0,1,0,0,0,0,0,0
436771178,-0.074326,0.141127,-1.96731,0.0,0.554403,0.038125,0.0698866,-0.828432,0.213253,-1.0,1,0,0,0,0,0,0
436873965,0.102613,0.0487442,-1.96731,0.0,0.552048,0.0486637,-0.0292,-0.831879,0.211877,-1.0,1,0,0,0,0,0,0
436975399,0.0371154,-0.00804026,-1.96731,0.0,0.553944,0.00693365,-0.0176755,-0.832337,0.210773,-1.0,1,0,0,0,0,0,0
437076788,-0.121296,0.124912,-1.96731,0.0,0.555035,0.0183551,0.0848752,-0.827282,0.208871,-1.0,1,0,0,0,0,0,0
437178381,-0.00573675,0.0803722,-1.96731,0.0,0.553628,0.0318592,0.0246424,-0.831789,0.212611,-1.0,1,0,0,0,0,0,0
437276364,-0.0682005,0.117178,-1.96731,0.0,0.554372,0.0298658,0.060755,-0.829511,0.208067,-1.0,1,0,0,0,0,0,0
437377634,-0.0177727,0.0744858,-1.96731,0.0,0.553851,0.026078,0.0280192,-0.831735,0.207458,-1.0,1,0,0,0,0,0,0
437480408,0.120634,-0.0279476,-1.96731,0.0,0.553622,0.021779,-0.0579073,-0.830467,0.200661,-1.0,1,0,0,0,0,0,0
437581821,-0.0475946,0.0697478,-1.96731,0.0,0.554179,0.0158454,0.0391081,-0.831327,0.205768,-1.0,1,0,0,0,0,0,0
437683193,0.135951,0.0109954,-1.96731,0.0,0.552383,0.0421941,-0.0535086,-0.8308,0.208123,-1.0,1,0,0,0,0,0,0
437786354,0.000314243,0.0663287,-1.96731,0.0,0.553673,0.0276922,0.0182383,-0.832074,0.209909,-1.0,1,0,0,0,0,0,0
437886380,-0.044026,0.0368522,-1.96731,0.0,0.554091,0.00314391,0.0285266,-0.831961,0.208684,-1.0,1,0,0,0,0,0,0
437989324,-0.0171925,-0.0228521,-1.96731,0.0,0.553843,-0.0142738,0.000826612,-0.832498,0.205214,-1.0,1,0,0,0,0,0,0
438090382,-0.0135016,0.0684781,-1.96731,0.0,0.553837,0.0247612,0.0245806,-0.831894,0.206547,-1.0,1,0,0,0,0,0,0
438192108,-0.0301295,0.081717,-1.96731,0.0,0.553969,0.0256642,0.0351569,-0.831399,0.204381,-1.0,1,0,0,0,0,0,0
438294875,0.0798156,0.040471,-1.96731,0.0,0.552755,0.0389299,-0.0220083,-0.832143,0.201785,-1.0,1,0,0,0,0,0,0
438395923,-0.0598549,0.0624917,-1.96731,0.0,0.554242,0.0094285,0.0421986,-0.831232,0.20575,-1.0,1,0,0,0,0,0,0
438497940,0.0380692,-0.0245651,-1.96731,0.0,0.554034,0.000319921,-0.0226476,-0.832186,0.206887,-1.0,1,0,0,0,0,0,0
438599515,-0.0138914,0.0468225,-1.96731,0.0,0.553952,0.0156416,0.0187488,-0.83219,0.211508,-1.0,1,0,0,0,0,0,0
438700877,0.0130492,0.0291715,-1.96731,0.0,0.553832,0.0157565,0.00264849,-0.832475,0.206624,-1.0,1,0,0,0,0,0,0
438802717,0.0964097,-0.000513804,-1.96731,0.0,0.553349,0.0264807,-0.0402585,-0.831555,0.204535,-1.0,1,0,0,0,0,0,0
438900235,0.0202013,0.0428408,-1.96731,0.0,0.553646,0.023425,0.00345797,-0.832415,0.210501,-1.0,1,0,0,0,0,0,0
439002732,-0.0663366,0.10342,-1.96731,0.0,0.554364,0.0246606,0.0561895,-0.830009,0.205316,-1.0,1,0,0,0,0,0,0
439104008,0.115852,-0.017434,-1.96731,0.0,0.553452,0.024826,-0.0530174,-0.830821,0.206485,-1.0,1,0,0,0,0,0,0
439205585,-0.0310764,0.0576194,-1.96731,0.0,0.554058,0.0153747,0.028886,-0.831835,0.206553,-1.0,1,0,0,0,0,0,0
439307582,0.0873598,-0.0283368,-1.96731,0.0,0.553913,0.0124038,-0.0441908,-0.831308,0.202282,-1.0,1,0,0,0,0,0,0
439409872,-0.0550668,0.0528571,-1.96731,0.0,0.554184,0.00674587,0.0375451,-0.831519,0.202837,-1.0,1,0,0,0,0,0,0
439511167,0.025683,-0.00191549,-1.96731,0.0,0.553946,0.00631647,-0.0112211,-0.832453,0.208795,-1.0,1,0,0,0,0,0,0
439612863,-0.0589598,0.0389564,-1.96731,0.0,0.554114,-0.000117791,0.0353198,-0.831691,0.211714,-1.0,1,0,0,0,0,0,0
439714803,-0.0817422,0.0217573,-1.96731,0.0,0.553857,-0.0135851,0.0400363,-0.831538,0.208905,-1.0,1,0,0,0,0,0,0
439816260,0.0164681,-0.00530161,-1.96731,0.0,0.553979,0.00235465,-0.00832343,-0.832485,0.213253,-1.0,1,0,0,0,0,0,0
439918435,-0.0407335,0.0276711,-1.96731,0.0,0.554049,0.00023479,0.0246159,-0.83212,0.213184,-1.0,1,0,0,0,0,0,0
440020198,0.0445201,0.0423318,-1.96731,0.0,0.553328,0.0299434,-0.00680471,-0.832397,0.217294,-1.0,1,0,0,0,0,0,0
440121494,-0.00814948,0.0642749,-1.96731,0.0,0.5538,0.0244944,0.0211909,-0.83202,0.214732,-1.0,1,0,0,0,0,0,0
440223451,-0.0195739,0.0678978,-1.96731,0.0,0.553913,0.0228381,0.0269457,-0.831825,0.215972,-1.0,1,0,0,0,0,0,0
440324845,0.00234417,-0.00051593,-1.96731,0.0,0.553982,0.00043455,-0.0011187,-0.832528,0.21038,-1.0,1,0,0,0,0,0,0
440422706,0.0361626,-0.0494102,-1.96731,0.0,0.554094,-0.0105491,-0.0287304,-0.831891,0.208764,-1.0,1,0,0,0,0,0,0
440524813,0.0253191,-0.0556266,-1.96731,0.0,0.554016,-0.0161403,-0.0259399,-0.831945,0.205897,-1.0,1,0,0,0,0,0,0
440626458,-0.0570644,0.0734888,-1.96731,0.0,0.554255,0.0147779,0.0440775,-0.831048,0.21139,-1.0,1,0,0,0,0,0,0
440728256,0.0718632,0.0210185,-1.96731,0.0,0.553279,0.0286435,-0.0240879,-0.832155,0.208202,-1.0,1,0,0,0,0,0,0
440829879,-0.208022,-0.0245081,-1.96731,0.0,0.549887,-0.0676584,0.0796778,-0.828672,0.212778,-1.0,1,0,0,0,0,0,0
440932012,-0.143218,0.00424106,-1.96731,0.0,0.552687,-0.0378754,0.0607374,-0.830309,0.212732,-1.0,1,0,0,0,0,0,0
441033936,0.034529,0.00881229,-1.96731,0.0,0.553831,0.0132313,-0.0119318,-0.832439,0.205218,-1.0,1,0,0,0,0,0,0
441135485,-0.0242806,-0.0148436,-1.96731,0.0,0.553851,-0.0129035,0.00599541,-0.832494,0.203874,-1.0,1,0,0,0,0,0,0
441237644,-0.160414,0.0200179,-1.96731,0.0,0.552841,-0.0360776,0.0722267,-0.829367,0.20804,-1.0,1,0,0,0,0,0,0
441338442,0.0386186,-0.0285996,-1.96731,0.0,0.554052,-0.0012071,-0.023993,-0.832135,0.20786,-1.0,1,0,0,0,0,0,0
441441148,-0.0227599,0.0410177,-1.96731,0.0,0.554024,0.0107691,0.020832,-0.832171,0.207305,-1.0,1,0,0,0,0,0,0
441542698,-0.0964594,0.0422578,-1.96731,0.0,0.554062,-0.00913341,0.0518186,-0.830811,0.205752,-1.0,1,0,0,0,0,0,0
441644032,0.0115424,-0.0542698,-1.96731,0.0,0.553899,-0.0193915,-0.019833,-0.832122,0.194798,-1.0,1,0,0,0,0,0,0
441745831,-0.108973,0.114558,-1.96731,0.0,0.554848,0.0174694,0.0769317,-0.828203,0.197024,-1.0,1,0,0,0,0,0,0
441847963,0.0940106,-0.00410654,-1.96731,0.0,0.553449,0.0243229,-0.040255,-0.831554,0.193288,-1.0,1,0,0,0,0,0,0
441949880,-0.153,0.0355927,-1.96731,0.0,0.553406,-0.0275597,0.0734458,-0.829209,0.201764,-1.0,1,0,0,0,0,0,0
442047712,0.0489207,-0.0341585,-1.96731,0.0,0.554083,-0.000666777,-0.0298172,-0.831927,0.202657,-1.0,1,0,0,0,0,0,0
442148768,-0.0528686,0.0880831,-1.96731,0.0,0.55422,0.022013,0.0463653,-0.830786,0.197492,-1.0,1,0,0,0,0,0,0
442250441,0.0347244,0.000885833,-1.96731,0.0,0.553892,0.00998654,-0.0142085,-0.832407,0.198852,-1.0,1,0,0,0,0,0,0
442352254,-0.0771438,0.0583014,-1.96731,0.0,0.55427,0.00289356,0.0482253,-0.830933,0.192088,-1.0,1,0,0,0,0,0,0
442453522,-0.0598808,0.0135445,-1.96731,0.0,0.55389,-0.0109481,0.0286719,-0.832024,0.186084,-1.0,1,0,0,0,0,0,0
442556050,-0.0540751,0.106383,-1.96731,0.0,0.554193,0.0292912,0.0519175,-0.830251,0.178484,-1.0,1,0,0,0,0,0,0
442657893,0.0151943,0.01618,-1.96731,0.0,0.553897,0.0109434,-0.00184305,-0.832512,0.166169,-1.0,1,0,0,0,0,0,0
442759269,-0.0518652,-0.077071,-1.96731,0.0,0.552553,-0.0464171,0.000235675,-0.832184,0.143442,-1.0,1,0,0,0,0,0,0
442860727,-0.0513506,-0.0751108,-1.96731,0.0,0.552606,-0.0454603,0.000564757,-0.832202,0.120199,-1.0,1,0,0,0,0,0,0
442963161,0.0263198,-0.049441,-1.96731,0.0,0.554035,-0.0132887,-0.0246444,-0.832022,0.12,-1.0,1,0,0,0,0,0,0
443066007,-0.0514886,0.104762,-1.96731,0.0,0.554161,0.0293335,0.0503963,-0.830365,0.120297,-1.0,1,0,0,0,0,0,0
443166659,0.0,0.0,-1.96731,0.0,0.553982,0.0,0.0,-0.832529,0.12,-1.0,1,0,0,0,0,0,0
443268302,0.0,0.0,-1.96731,0.0,0.553982,0.0,0.0,-0.832529,0.12,-1.0,1,0,0,0,0,0,0
443369734,-0.11275,0.088213,-1.96731,0.0,0.554632,0.00546583,0.0712509,-0.829021,0.12061,-1.0,1,0,0,0,0,0,0
443471499,-0.0950453,0.0195026,-1.96731,0.0,0.553716,-0.0182066,0.0449431,-0.831293,0.120416,-1.0,1,0,0,0,0,0,0
443574722,-0.0289589,0.00478448,-1.96731,0.0,0.553951,-0.00602967,0.0133792,-0.83242,0.120031,-1.0,1,0,0,0,0,0,0
443675129,0.0,0.0,-1.96731,0.0,0.553982,0.0,0.0,-0.832529,0.12,-1.0,1,0,0,0,0,0,0
443777884,0.0,0.0,-1.96731,0.0,0.553982,0.0,0.0,-0.832529,0.12,-1.0,1,0,0,0,0,0,0
443878347,0.0,0.0,-1.96731,0.0,0.553982,0.0,0.0,-0.832529,0.12,-1.0,1,0,0,0,0,0,0
443981039,0.0,0.0,-1.96731,0.0,0.553982,0.0,0.0,-0.832529,0.12,-1.0,1,0,0,0,0,0,0
444082465,0.0,0.0,-1.96731,0.0,0.553982,0.0,0.0,-0.832529,0.12,-1.0,1,0,0,0,0,0,0
444184195,0.0,0.0,-1.96731,0.0,0.553982,0.0,0.0,-0.832529,0.12,-1.0,1,0,0,0,0,0,0
444285611,0.0,0.0,-1.96731,0.0,0.553982,0.0,0.0,-0.832529,0.12,-1.0,1,0,0,0,0,0,0
444387180,0.0,0.0,-1.96731,0.0,0.553982,0.0,0.0,-0.832529,0.12,-1.0,1,0,0,0,0,0,0
444490065,0.0,0.0,-1.96731,0.0,0.553982,0.0,0.0,-0.832529,0.12,-1.0,1,0,0,0,0,0,0
444592127,0.0,0.0,-1.96731,0.0,0.553982,0.0,0.0,-0.832529,0.12,-1.0,1,0,0,0,0,0,0
444692784,0.0,0.0,-1.96731,0.0,0.553982,0.0,0.0,-0.832529,0.12,-1.0,1,0,0,0,0,0,0
444795437,0.0,0.0,-1.96731,0.0,0.553982,0.0,0.0,-0.832529,0.12,-1.0,1,0,0,0,0,0,0
444896337,0.0,0.0,-1.96731,0.0,0.553982,0.0,0.0,-0.832529,0.12,-1.0,1,0,0,0,0,0,0
444994510,0.0,0.0,-1.96731,0.0,0.553982,0.0,0.0,-0.832529,0.12,-1.0,1,0,0,0,0,0,0
445097094,0.0,0.0,-1.96731,0.0,0.553982,0.0,0.0,-0.832529,0.12,-1.0,1,0,0,0,0,0,0
445197891,0.0,0.0,-1.96731,0.0,0.553982,0.0,0.0,-0.832529,0.12,-1.0,1,0,0,0,0,0,0
445299274,0.0,0.0,-1.96731,0.0,0.553982,0.0,0.0,-0.832529,0.12,-1.0,1,0,0,0,0,0,0
445401086,0.0,0.0,-1.96731,0.0,0.553982,0.0,0.0,-0.832529,0.12,-1.0,1,0,0,0,0,0,0
445503328,0.0,0.0,-1.96731,0.0,0.553982,0.0,0.0,-0.832529,0.12,-1.0,1,0,0,0,0,0,0
445605068,0.0,0.0,-1.96731,0.0,0.553982,0.0,0.0,-0.832529,0.12,-1.0,1,0,0,0,0,0,0
445706464,0.0,0.0,-1.96731,0.0,0.553982,0.0,0.0,-0.832529,0.12,-1.0,1,0,0,0,0,0,0
445808263,0.0,0.0,-1.96731,0.0,0.553982,0.0,0.0,-0.832529,0.12,-1.0,1,0,0,0,0,0,0
445911387,0.0,0.0,-1.96731,0.0,0.553982,0.0,0.0,-0.832529,0.12,-1.0,1,0,0,0,0,0,0
446012046,0.0,0.0,-1.96731,0.0,0.553982,0.0,0.0,-0.832529,0.12,-1.0,1,0,0,0,0,0,0
446113890,0.0,0.0,-1.96731,0.0,0.553982,0.0,0.0,-0.832529,0.12,-1.0,1,0,0,0,0,0,0
446216200,0.0,0.0,-1.96731,0.0,0.553982,0.0,0.0,-0.832529,0.12,-1.0,1,0,0,0,0,0,0
446316862,0.0,0.0,-1.96731,0.0,0.553982,0.0,0.0,-0.832529,0.12,-1.0,1,0,0,0,0,0,0
446418717,0.0,0.0,-1.96731,0.0,0.553982,0.0,0.0,-0.832529,0.12,-1.0,1,0,0,0,0,0,0
446516339,0.0,0.0,-1.96731,0.0,0.553982,0.0,0.0,-0.832529,0.12,-1.0,1,0,0,0,0,0,0
446618601,0.0,-0.0,-1.68355,0.0,0.666141,0.0,-0.0,-0.745825,0.12,-1.0,1,0,0,0,0,0,0
446720231,0.0,-0.0,-1.68355,0.0,0.666141,0.0,-0.0,-0.745825,0.08,-1.0,1,0,0,0,0,0,0
446821695,0.0,-0.0,-1.68355,0.0,0.666141,0.0,-0.0,-0.745825,0.08,-1.0,1,0,0,0,0,0,0
446923005,0.0,-0.0,-1.68355,0.0,0.666141,0.0,-0.0,-0.745825,0.08,-1.0,1,0,0,0,0,0,0
447024895,0.0,-0.0,-1.68355,0.0,0.666141,0.0,-0.0,-0.745825,0.08,-1.0,1,0,0,0,0,0,0
447126876,0.0,-0.0,-1.68355,0.0,0.666141,0.0,-0.0,-0.745825,0.08,-1.0,1,0,0,0,0,0,0
447228852,0.0,-0.0,-1.68355,0.0,0.666141,0.0,-0.0,-0.745825,0.08,-1.0,1,0,0,0,0,0,0
447330081,0.0,-0.0,-1.67581,0.0,0.669021,0.0,-0.0,-0.743244,0.0,-1.0,1,0,0,0,0,0,0
447432067,0.0,-0.0,-1.67461,0.0,0.669466,0.0,-0.0,-0.742842,0.0,-1.0,1,0,0,0,0,0,0
447534126,0.0,-0.0,-1.6728,0.0,0.670138,0.0,-0.0,-0.742236,0.0,-1.0,1,0,0,0,0,0,0
447635735,0.0,-0.0,-1.6725,0.0,0.67025,0.0,-0.0,-0.742136,0.0,-1.0,1,0,0,0,0,0,0
447737718,0.0,-0.0,-1.67087,0.0,0.670854,0.0,-0.0,-0.741589,0.0,-1.0,1,0,0,0,0,0,0
447839951,0.0,-0.0,-1.66928,0.0,0.671445,0.0,-0.0,-0.741054,0.0,-1.0,1,0,0,0,0,0,0
447940865,0.0,-0.0,-1.66857,0.0,0.671708,0.0,-0.0,-0.740816,0.0,-1.0,1,0,0,0,0,0,0
448038509,0.0,-0.0,-1.66757,0.0,0.672078,0.0,-0.0,-0.74048,0.0,-1.0,1,0,0,0,0,0,0
448140464,0.0,-0.0,-1.66658,0.0,0.672444,0.0,-0.0,-0.740148,0.0,-1.0,1,0,0,0,0,0,0
448242097,0.0,-0.0,-1.66498,0.0,0.673036,0.0,-0.0,-0.73961,0.0,-1.0,1,0,0,0,0,0,0
448344078,0.0,-0.0,-1.6634,0.0,0.673619,0.0,-0.0,-0.739079,0.0,-1.0,1,0,0,0,0,0,0
448445323,0.0,-0.0,-1.66161,0.0,0.674282,0.0,-0.0,-0.738474,0.0,-1.0,1,0,0,0,0,0,0
448546818,0.0,-0.0,-1.66001,0.0,0.674872,0.0,-0.0,-0.737935,0.0,-1.0,1,0,0,0,0,0,0
448649622,0.0,-0.0,-1.65891,0.0,0.675279,0.0,-0.0,-0.737562,0.0,-1.0,1,0,0,0,0,0,0
448750817,0.0,-0.0,-1.65698,0.0,0.67599,0.0,-0.0,-0.736911,0.0,-1.0,1,0,0,0,0,0,0
448852549,0.0,-0.0,-1.65559,0.0,0.676502,0.0,-0.0,-0.736441,0.0,-1.0,1,0,0,0,0,0,0
448954595,0.0,-0.0,-1.65386,0.0,0.677139,0.0,-0.0,-0.735855,0.0,-1.0,1,0,0,0,0,0,0
449057005,0.0,-0.0,-1.65212,0.0,0.677778,0.0,-0.0,-0.735266,0.0,-1.0,1,0,0,0,0,0,0
449158432,0.0,-0.0,-1.65015,0.0,0.6785,0.0,-0.0,-0.7346,0.0,-1.0,1,0,0,0,0,0,0
449259817,0.0,-0.0,-1.64868,0.0,0.679042,0.0,-0.0,-0.734099,0.0,-1.0,1,0,0,0,0,0,0
