timestamp,timestamp_sample,control[0],control[1],control[2],control[3],control[4],control[5],control[6],control[7]
362153594,362153463,0.00481659,-0.000238026,-8.60284e-05,0.433938,0.0,0.0,0.0,-1.0
362256026,362255878,0.00355306,-0.01787,-0.00364379,0.509729,0.0,0.0,0.0,-1.0
362357598,362357441,0.0134428,0.045533,0.0284104,0.587797,0.0,0.0,0.0,-1.0
362459264,362459062,0.0260209,-0.0483201,0.00435136,0.66397,0.0,0.0,0.0,-1.0
362560832,362560677,-0.00802841,0.0824978,0.000867016,0.743623,0.0,0.0,0.0,-1.0
363961626,363961477,-0.0942419,-0.0521291,-0.201965,0.265677,0.0,0.0,0.0,-1.0
364063222,364063069,0.063697,0.0468706,-0.0210647,0.263935,0.0,0.0,0.0,-1.0
364164807,364164652,0.00355016,-0.00805763,-0.0583906,0.267796,0.0,0.0,0.0,-1.0
364266432,364266280,0.0523682,0.0258074,-0.169495,0.275039,0.0,0.0,0.0,-1.0
364368032,364367882,0.197466,0.13347,0.034783,0.273992,0.0,0.0,0.0,-1.0
364469612,364469462,0.0410257,-0.0904864,-0.0892193,0.273446,0.0,0.0,0.0,-1.0
364572021,364571880,0.111845,0.0675913,-0.0383024,0.276275,0.0,0.0,0.0,-1.0
364673623,364673477,-0.0798632,-0.0399185,-0.11154,0.280011,0.0,0.0,0.0,-1.0
364775216,364775064,0.0602577,0.0812243,0.0378794,0.276153,0.0,0.0,0.0,-1.0
364876827,364876682,0.129337,0.0563438,-0.0742988,0.278406,0.0,0.0,0.0,-1.0
364978438,364978277,-0.327364,-0.0779381,-0.175901,0.299234,0.0,0.0,0.0,-1.0
365080815,365080662,0.0423604,-0.0127415,-0.0566076,0.304394,0.0,0.0,0.0,-1.0
365182417,365182255,-0.00885655,-0.015656,-0.0796298,0.314261,0.0,0.0,0.0,-1.0
365284026,365283881,-0.131099,0.0481809,-0.0325595,0.316747,0.0,0.0,0.0,-1.0
365385627,365385480,0.10793,0.0867722,-0.0545592,0.315892,0.0,0.0,0.0,-1.0
365487229,365487072,-0.00693158,-0.0375899,-0.100846,0.31797,0.0,0.0,0.0,-1.0
365585625,365585479,0.0803828,0.102698,-0.00603835,0.318462,0.0,0.0,0.0,-1.0
365687186,365687040,0.186887,-0.00880147,-0.0925633,0.325011,0.0,0.0,0.0,-1.0
365788827,365788680,0.00291024,-0.0274141,-0.0863027,0.330514,0.0,0.0,0.0,-1.0
365890430,365890281,-0.0539214,0.0767367,-0.061943,0.334938,0.0,0.0,0.0,-1.0
365992029,365991882,0.0475346,0.0292132,-0.0160544,0.340591,0.0,0.0,0.0,-1.0
366093627,366093480,0.283952,7.97696e-05,-0.00407403,0.347719,0.0,0.0,0.0,-1.0
366196012,366195882,0.086257,0.0317701,-0.053556,0.347186,0.0,0.0,0.0,-1.0
366297607,366297478,0.154718,0.062541,-0.0343873,0.355131,0.0,0.0,0.0,-1.0
366399268,366399076,0.0724111,0.0573085,-0.0838353,0.364312,0.0,0.0,0.0,-1.0
366501633,366501478,0.151646,0.0768903,0.0585382,0.366112,0.0,0.0,0.0,-1.0
366603239,366603081,-0.00937125,-0.0291952,-0.116273,0.362127,0.0,0.0,0.0,-1.0
366704822,366704676,0.0204773,0.00491,-0.104134,0.346629,0.0,0.0,0.0,-1.0
366806403,366806257,0.0352042,-0.0131113,-0.0306883,0.336715,0.0,0.0,0.0,-1.0
366907999,366907843,0.042218,0.00828645,-0.0253841,0.328515,0.0,0.0,0.0,-1.0
367009630,367009476,-0.105649,0.0603452,-0.0475325,0.323083,0.0,0.0,0.0,-1.0
367107215,367107061,0.149168,0.0120081,-0.089655,0.322475,0.0,0.0,0.0,-1.0
367209627,367209478,-0.059408,0.024636,-0.0875988,0.255071,0.0,0.0,0.0,-1.0
367311233,367311086,0.161736,-0.119292,-0.0916941,0.196664,0.0,0.0,0.0,-1.0
367412795,367412646,-0.265247,-0.0981918,-0.262826,0.163745,0.0,0.0,0.0,-1.0
367514430,367514285,-0.0550307,0.121741,-0.150094,0.139673,0.0,0.0,0.0,-1.0
367616826,367616678,0.0401093,-0.166985,-0.210266,0.129022,0.0,0.0,0.0,-1.0
367718415,367718262,0.0140539,-0.150183,-0.268353,0.127199,0.0,0.0,0.0,-1.0
367820024,367819883,0.215423,-0.102683,-0.115272,0.124963,0.0,0.0,0.0,1.0
367921622,367921478,0.0737809,-0.0411384,-0.156634,0.133744,0.0,0.0,0.0,1.0
368023228,368023079,-0.184196,0.136327,-0.245813,0.160567,0.0,0.0,0.0,1.0
368125626,368125484,0.0645443,0.0335754,-0.325877,0.172629,0.0,0.0,0.0,1.0
368227233,368227080,0.0985047,-0.0290211,-0.289915,0.187725,0.0,0.0,0.0,1.0
368328819,368328679,-0.152476,0.0633774,-0.220911,0.205312,0.0,0.0,0.0,1.0
368430419,368430261,-0.0298999,0.128433,-0.143874,0.216042,0.0,0.0,0.0,1.0
368532026,368531883,0.0821467,-0.124885,-0.236446,0.233201,0.0,0.0,0.0,1.0
368629606,368629477,0.0539155,-0.0557501,-0.179766,0.246604,0.0,0.0,0.0,1.0
368732019,368731863,0.0179438,0.0176443,-0.116718,0.260342,0.0,0.0,0.0,1.0
368833593,368833434,0.027955,0.0703373,0.00614659,0.247501,0.0,0.0,0.0,1.0
368935191,368935037,-0.0466786,0.0442187,0.0337748,0.234187,0.0,0.0,0.0,1.0
369036798,369036645,0.118257,-0.137405,-0.17082,0.2234,0.0,0.0,0.0,1.0
369138410,369138262,0.210589,-0.12339,-0.00598835,0.215358,0.0,0.0,0.0,1.0
369240824,369240675,-0.277798,-0.215566,-0.290708,0.202949,0.0,0.0,0.0,1.0
369342431,369342280,-0.10299,-0.00507554,-0.273358,0.180546,0.0,0.0,0.0,1.0
369444012,369443865,-0.119267,-0.314847,-0.440124,0.154085,0.0,0.0,0.0,1.0
369545623,369545482,0.0808618,-0.151289,-0.341794,0.136181,0.0,0.0,0.0,1.0
369648025,369647882,0.0171623,-0.0431626,-0.358688,0.154212,0.0,0.0,0.0,1.0
369753611,369753461,0.167411,-0.237049,-0.354042,0.15682,0.0,0.0,0.0,1.0
369855182,369855035,0.306158,-0.0601256,-0.260133,0.150672,0.0,0.0,0.0,1.0
369956822,369956676,0.0378636,-0.127224,-0.245678,0.151238,0.0,0.0,0.0,1.0
370058396,370058244,-0.236105,-0.211044,-0.212435,0.169096,0.0,0.0,0.0,1.0
370156001,370155859,0.201272,0.012173,-0.150726,0.154547,0.0,0.0,0.0,1.0
370258430,370258282,-0.0484407,-0.134702,-0.431128,0.158488,0.0,0.0,0.0,1.0
370360022,370359881,-0.192618,-0.0857606,-0.462615,0.156915,0.0,0.0,0.0,1.0
370461610,370461462,-0.128967,0.00184891,-0.189771,0.15448,0.0,0.0,0.0,1.0
370563235,370563081,0.00557199,-0.179391,0.00108847,0.149029,0.0,0.0,0.0,1.0
370665606,370665478,0.251257,0.512993,-0.292868,0.146375,0.0,0.0,0.0,1.0
370767201,370767063,-0.0385051,-0.0692932,-0.0831263,0.163753,0.0,0.0,0.0,1.0
370868805,370868676,0.0550962,-0.405797,-0.54043,0.228214,0.0,0.0,0.0,1.0
370970419,370970281,-0.412425,-0.492591,-0.49693,0.210421,0.0,0.0,0.0,1.0
371072008,371071876,-0.293387,-0.229041,-0.27251,0.203544,0.0,0.0,0.0,1.0
371174441,371174282,-0.0134685,0.0445679,-0.135009,0.257838,0.0,0.0,0.0,1.0
371276023,371275878,-0.266042,0.276443,-0.0993312,0.333863,0.0,0.0,0.0,1.0
371377631,371377478,0.198399,0.053323,0.00624416,0.32632,0.0,0.0,0.0,1.0
371479245,371479043,-0.0441605,0.0500143,-0.0148709,0.296782,0.0,0.0,0.0,1.0
371576820,371576676,-0.201626,0.0546232,-0.0673428,0.269345,0.0,0.0,0.0,1.0
371678430,371678277,0.221621,0.205679,0.068122,0.225958,0.0,0.0,0.0,1.0
371780817,371780655,0.106333,-0.15465,-0.200189,0.12,0.0,0.0,0.0,1.0
371882428,371882282,-0.0215814,0.182273,-0.346065,0.2321,0.0,0.0,0.0,1.0
371984024,371983882,-0.0649178,0.0124087,-0.0842558,0.230437,0.0,0.0,0.0,1.0
372085621,372085461,0.0833108,0.061204,-0.173013,0.230234,0.0,0.0,0.0,1.0
372187180,372187036,-0.172205,0.00382645,-0.323102,0.221543,0.0,0.0,0.0,1.0
372289622,372289476,0.175991,0.235687,-0.055964,0.226799,0.0,0.0,0.0,1.0
372391221,372391064,0.119606,0.138409,0.010285,0.210518,0.0,0.0,0.0,1.0
372492831,372492684,0.0989112,0.0835874,-0.0891699,0.203661,0.0,0.0,0.0,1.0
372594427,372594280,0.0980767,0.0356746,-0.0248712,0.22036,0.0,0.0,0.0,1.0
372696030,372695883,0.139042,0.146097,-0.0172929,0.227902,0.0,0.0,0.0,1.0
372798377,372798238,0.0292199,-0.421388,-0.209243,0.208117,0.0,0.0,0.0,1.0
372900005,372899879,0.264095,0.231971,-0.283186,0.214269,0.0,0.0,0.0,1.0
373001612,373001476,0.225391,0.244413,-0.210184,0.226705,0.0,0.0,0.0,1.0
373103190,373103062,-0.157789,-0.0392613,-0.1539,0.203988,0.0,0.0,0.0,1.0
373201630,373201478,0.0619553,-0.0123254,-0.071097,0.22067,0.0,0.0,0.0,1.0
373303191,373303043,0.0563651,0.0647184,0.00142498,0.232888,0.0,0.0,0.0,1.0
373404831,373404680,-0.0306682,0.0550301,-0.179051,0.237921,0.0,0.0,0.0,1.0
373506392,373506245,0.0711123,0.0468027,-0.0241393,0.233949,0.0,0.0,0.0,1.0
373608026,373607880,-0.0992933,0.00218864,-0.00360577,0.226616,0.0,0.0,0.0,1.0
373709628,373709480,-0.337617,0.00297099,-0.16242,0.236318,0.0,0.0,0.0,1.0
373812027,373811883,-0.114603,-0.0258672,-0.172889,0.237443,0.0,0.0,0.0,1.0
373913626,373913479,-0.248101,-0.00143129,-0.0720269,0.240169,0.0,0.0,0.0,1.0
374015230,374015080,0.0673055,0.0166141,-0.0956742,0.256372,0.0,0.0,0.0,1.0
374116812,374116662,0.0266232,-0.00844217,-0.137587,0.258486,0.0,0.0,0.0,1.0
374219278,374219078,0.137703,0.0737316,0.0689451,0.262765,0.0,0.0,0.0,1.0
374320822,374320675,-0.0420942,-0.0176239,-0.115947,0.267722,0.0,0.0,0.0,1.0
374422408,374422261,-0.147774,0.0331094,0.084334,0.270979,0.0,0.0,0.0,1.0
374524027,374523882,0.130602,-0.0544974,-0.20972,0.265956,0.0,0.0,0.0,1.0
374625621,374625476,-0.043842,0.0761015,0.0112507,0.246834,0.0,0.0,0.0,1.0
374727231,374727082,-0.024146,-0.0555256,-0.135165,0.244017,0.0,0.0,0.0,1.0
374829607,374829480,0.0130908,-0.00296435,0.0342752,0.232276,0.0,0.0,0.0,1.0
374931212,374931081,0.219106,0.0190993,0.0384481,0.207469,0.0,0.0,0.0,1.0
375032815,375032678,-0.0775708,-0.0616947,-0.170819,0.201202,0.0,0.0,0.0,1.0
375134414,375134283,-0.215242,-0.0147347,-0.267273,0.213375,0.0,0.0,0.0,1.0
375236837,375236677,0.0789417,-0.0926996,0.042563,0.19451,0.0,0.0,0.0,1.0
375338438,375338279,0.194077,-0.0539045,-0.134778,0.177089,0.0,0.0,0.0,1.0
375439986,375439834,0.112094,-0.0560531,-0.247969,0.175434,0.0,0.0,0.0,1.0
375541633,375541477,-0.108811,-0.173131,-0.308072,0.167747,0.0,0.0,0.0,1.0
375643223,375643074,-0.00880802,-0.146776,-0.364653,0.187949,0.0,0.0,0.0,1.0
375745600,375745461,-0.163766,-0.136363,-0.3673,0.175975,0.0,0.0,0.0,1.0
375847224,375847075,-0.128994,-0.192143,-0.567343,0.16566,0.0,0.0,0.0,1.0
375948820,375948678,0.272989,-0.102441,-0.315316,0.156332,0.0,0.0,0.0,1.0
376050411,376050260,0.100516,0.00304001,-0.132781,0.148954,0.0,0.0,0.0,1.0
376151981,376151834,-0.306079,-0.0490369,-0.171123,0.153732,0.0,0.0,0.0,1.0
376250430,376250280,0.0145514,-0.0130502,-0.18333,0.149422,0.0,0.0,0.0,1.0
376352020,376351869,-0.0797999,-0.189613,-0.461734,0.156768,0.0,0.0,0.0,1.0
376453578,376453435,0.0198516,-0.145844,-0.421579,0.167672,0.0,0.0,0.0,1.0
376555237,376555080,0.0630268,0.117977,-0.111275,0.161133,0.0,0.0,0.0,1.0
376656819,376656677,-0.352596,-0.0405881,-0.560926,0.176996,0.0,0.0,0.0,1.0
376758414,376758262,-0.0679503,-0.01847,-0.500759,0.184982,0.0,0.0,0.0,1.0
376860806,376860676,0.0198831,-0.0993823,-0.408877,0.174483,0.0,0.0,0.0,1.0
376962408,376962275,-0.377319,-0.203681,-0.455576,0.178937,0.0,0.0,0.0,1.0
377063993,377063861,-0.193759,-0.0210692,-0.231898,0.174173,0.0,0.0,0.0,1.0
377165618,377165483,-0.239676,0.062874,-0.478099,0.171992,0.0,0.0,0.0,1.0
377268004,377267875,0.212475,-0.117059,-0.0583122,0.150458,0.0,0.0,0.0,1.0
377369610,377369462,0.0886612,0.0597983,-0.194088,0.154635,0.0,0.0,0.0,1.0
377471236,377471084,-0.0734315,-0.0819451,-0.287622,0.155475,0.0,0.0,0.0,1.0
377572825,377572677,-0.11443,0.0203316,-0.316701,0.156799,0.0,0.0,0.0,1.0
377674427,377674276,-0.455895,0.0298363,-0.52961,0.168435,0.0,0.0,0.0,1.0
377772011,377771861,0.0607571,-0.173393,-0.322808,0.167266,0.0,0.0,0.0,1.0
377874424,377874279,-0.342748,-0.0864193,-0.380836,0.172181,0.0,0.0,0.0,1.0
377976030,377975887,-0.542816,-0.153005,-0.566949,0.149723,0.0,0.0,0.0,1.0
378077610,378077461,-0.432078,-0.138768,-0.563772,0.161589,0.0,0.0,0.0,1.0
378179287,378179081,-0.352973,-0.104311,-0.55322,0.190377,0.0,0.0,0.0,1.0
378281629,378281479,0.0616139,-0.174163,-0.178056,0.186246,0.0,0.0,0.0,1.0
378383210,378383062,0.226599,0.0432583,-0.369723,0.183717,0.0,0.0,0.0,1.0
378484820,378484676,-0.125633,-0.0901939,-0.278306,0.199109,0.0,0.0,0.0,1.0
378586423,378586279,0.0593427,-0.159282,-0.337559,0.192917,0.0,0.0,0.0,1.0
378688030,378687883,0.103407,-0.111127,-0.178562,0.192933,0.0,0.0,0.0,1.0
378789633,378789485,0.0722545,-0.0744924,-0.0728295,0.180082,0.0,0.0,0.0,1.0
378892023,378891877,-0.230649,-0.295907,-0.236013,0.16701,0.0,0.0,0.0,1.0
378993620,378993476,-0.135825,-0.0408832,-0.059967,0.169163,0.0,0.0,0.0,1.0
379095182,379095036,-0.146893,-0.125986,-0.175563,0.177985,0.0,0.0,0.0,1.0
379196827,379196678,-0.187531,-0.139751,-0.302103,0.176692,0.0,0.0,0.0,1.0
379299214,379299034,0.239117,0.0765046,-0.0592597,0.159852,0.0,0.0,0.0,1.0
379400816,379400684,0.102178,-0.0557497,-0.0206931,0.160815,0.0,0.0,0.0,1.0
379502430,379502281,-0.0789834,-0.0524219,0.0118072,0.170627,0.0,0.0,0.0,1.0
379604009,379603881,-0.203276,-0.0117487,0.0419803,0.177074,0.0,0.0,0.0,1.0
379705611,379705462,-0.364464,-0.0580759,-0.100789,0.188566,0.0,0.0,0.0,1.0
379808028,379807876,0.105032,-0.108093,-0.367035,0.181249,0.0,0.0,0.0,1.0
379909624,379909479,-0.060507,0.0354764,-0.101027,0.19471,0.0,0.0,0.0,1.0
380011222,380011075,-0.338984,-0.273807,-0.276175,0.189989,0.0,0.0,0.0,1.0
380112810,380112663,0.232021,0.185467,0.00797144,0.208446,0.0,0.0,0.0,1.0
380214425,380214277,-0.247435,-0.211623,-0.0971362,0.182912,0.0,0.0,0.0,1.0
380316822,380316674,-0.121076,-0.039528,0.0109365,0.190429,0.0,0.0,0.0,1.0
380418393,380418235,-0.0451334,-0.00644311,-0.213584,0.205796,0.0,0.0,0.0,1.0
380520033,380519883,0.145676,0.0023644,0.129804,0.192111,0.0,0.0,0.0,1.0
380621626,380621479,-0.0853519,-0.0507591,-0.167308,0.182642,0.0,0.0,0.0,1.0
380723221,380723071,-0.144349,-0.103372,-0.280563,0.184661,0.0,0.0,0.0,1.0
380821622,380821479,-0.00986051,-0.139862,-0.204734,0.171019,0.0,0.0,0.0,1.0
380923225,380923078,0.00971968,-0.0696866,-0.0761498,0.181795,0.0,0.0,0.0,1.0
381024817,381024661,0.187893,-0.206323,-0.0768138,0.165257,0.0,0.0,0.0,1.0
381126430,381126283,-0.180104,-0.146993,-0.223703,0.169707,0.0,0.0,0.0,1.0
381227987,381227838,0.049078,-0.191542,-0.236557,0.180763,0.0,0.0,0.0,1.0
381329621,381329478,-0.330141,-0.214255,-0.312317,0.192252,0.0,0.0,0.0,1.0
381431973,381431837,0.132827,-0.114986,0.0807623,0.203146,0.0,0.0,0.0,1.0
381533606,381533476,0.0534962,0.0296598,-0.235677,0.227782,0.0,0.0,0.0,1.0
381635216,381635080,0.118734,-0.0638446,-0.175044,0.236901,0.0,0.0,0.0,1.0
381736779,381736642,-0.00750722,-0.0196159,-0.157086,0.237457,0.0,0.0,0.0,1.0
381839283,381839080,0.0328925,-0.135111,-0.100287,0.208488,0.0,0.0,0.0,1.0
381940826,381940675,0.195885,-0.0102124,-0.171782,0.194959,0.0,0.0,0.0,1.0
382042407,382042261,0.252654,-0.133248,-0.0744194,0.177155,0.0,0.0,0.0,1.0
382143982,382143835,-0.04785,-0.0165753,-0.247298,0.171257,0.0,0.0,0.0,1.0
382245631,382245477,0.0686099,-0.0279859,-0.0274967,0.179512,0.0,0.0,0.0,1.0
382343239,382343077,0.0441448,0.0212265,-0.213061,0.195708,0.0,0.0,0.0,1.0
382445585,382445436,-0.0938053,0.121917,0.121013,0.222495,0.0,0.0,0.0,1.0
382547231,382547082,-0.0572696,-0.123289,-0.153534,0.215046,0.0,0.0,0.0,1.0
382648824,382648675,-0.073231,-0.0457483,-0.152208,0.210775,0.0,0.0,0.0,1.0
382750409,382750261,-0.164045,0.0485572,-0.0710957,0.217335,0.0,0.0,0.0,1.0
382852827,382852675,-0.0510231,-0.0379127,-0.0300557,0.22383,0.0,0.0,0.0,1.0
382954441,382954275,0.220203,0.0321523,0.0888657,0.229423,0.0,0.0,0.0,1.0
383056003,383055860,-0.0583486,0.0999819,-0.0746222,0.12,0.0,0.0,0.0,1.0
383157620,383157475,0.0845013,-0.0980394,-0.205248,0.12,0.0,0.0,0.0,1.0
383259284,383259078,0.00273994,-0.00362829,-0.231186,0.300143,0.0,0.0,0.0,1.0
383361608,383361459,-0.0361801,-0.0223981,-0.197319,0.298716,0.0,0.0,0.0,1.0
383463231,383463083,-0.0304019,-0.0244926,-0.110156,0.270727,0.0,0.0,0.0,1.0
383564820,383564676,0.243009,0.0820597,0.0633622,0.253567,0.0,0.0,0.0,1.0
383666409,383666280,-0.171611,0.0419569,-0.0970752,0.228927,0.0,0.0,0.0,1.0
383767972,383767835,-0.157789,0.0250962,-0.161391,0.229495,0.0,0.0,0.0,1.0
383866428,383866280,-0.23261,-0.0804376,-0.195538,0.224323,0.0,0.0,0.0,1.0
383968032,383967880,0.034701,-0.0867833,-0.17677,0.225704,0.0,0.0,0.0,1.0
384069585,384069436,-0.333715,0.0244337,-0.289347,0.234928,0.0,0.0,0.0,1.0
384171237,384171082,-0.0153477,0.0244109,-0.173912,0.12,0.0,0.0,0.0,1.0
384272826,384272676,0.0301312,-0.0862228,-0.0664676,0.12,0.0,0.0,0.0,1.0
384374409,384374260,-0.137529,-0.274296,-0.209305,0.312461,0.0,0.0,0.0,1.0
384476826,384476678,-0.0339912,-0.00872099,-0.126528,0.318594,0.0,0.0,0.0,1.0
384578432,384578277,-0.0234708,0.068802,-0.184265,0.290484,0.0,0.0,0.0,1.0
384680027,384679870,0.0631668,-0.059616,-0.107724,0.257652,0.0,0.0,0.0,1.0
384781625,384781482,0.153932,-0.161585,-0.250749,0.250701,0.0,0.0,0.0,1.0
384884029,384883879,0.0800343,-0.0448928,-0.200538,0.250159,0.0,0.0,0.0,1.0
384985605,384985461,0.0269095,0.0744645,-0.0638848,0.263876,0.0,0.0,0.0,1.0
385087226,385087082,0.00171488,-0.0555654,-0.18337,0.25709,0.0,0.0,0.0,1.0
385188830,385188677,-0.146346,-0.0362496,-0.227619,0.255884,0.0,0.0,0.0,1.0
385290436,385290282,-0.0239724,-0.131922,-0.109684,0.259305,0.0,0.0,0.0,1.0
385392024,385391869,-0.0643258,-0.0543525,-0.00834263,0.263661,0.0,0.0,0.0,1.0
385490414,385490279,0.134139,-0.04678,-0.0769672,0.251686,0.0,0.0,0.0,1.0
385591977,385591836,-0.00481497,-0.105521,-0.278442,0.237215,0.0,0.0,0.0,1.0
385693596,385693462,-0.0328661,-0.0637777,-0.125726,0.22711,0.0,0.0,0.0,1.0
385795164,385795035,-0.0769253,-0.114663,-0.150757,0.209624,0.0,0.0,0.0,1.0
385896806,385896677,-0.0243922,-0.0922806,-0.0971292,0.215615,0.0,0.0,0.0,1.0
385999272,385999063,0.0946791,0.126941,-0.208418,0.207335,0.0,0.0,0.0,1.0
386100834,386100684,-0.0326912,-0.12668,-0.131496,0.215683,0.0,0.0,0.0,1.0
386202424,386202277,0.142476,-0.030052,-0.169578,0.207636,0.0,0.0,0.0,1.0
386304022,386303875,-0.128576,-0.0179182,-0.11721,0.1962,0.0,0.0,0.0,1.0
386405607,386405459,-0.042397,-0.20627,-0.191201,0.188213,0.0,0.0,0.0,1.0
386508019,386507877,-0.0284313,0.0884942,-0.098948,0.191146,0.0,0.0,0.0,1.0
386609621,386609477,-0.194635,-0.171129,-0.143096,0.188775,0.0,0.0,0.0,1.0
386711198,386711059,0.0934516,-0.0474261,-0.179517,0.182306,0.0,0.0,0.0,1.0
386812822,386812676,0.159018,0.0748401,0.0489578,0.188167,0.0,0.0,0.0,1.0
386914423,386914280,-0.0235724,0.0327159,-0.173789,0.183134,0.0,0.0,0.0,1.0
387012845,387012679,-0.216141,-0.067884,-0.178138,0.197674,0.0,0.0,0.0,1.0
387114434,387114282,0.167078,0.0979798,-0.0630931,0.211461,0.0,0.0,0.0,1.0
387216041,387215887,-0.0920842,-0.0865494,-0.275013,0.211868,0.0,0.0,0.0,1.0
387317619,387317478,0.0985435,-0.0462531,0.0958545,0.214376,0.0,0.0,0.0,1.0
387419236,387419036,-0.0491196,0.0614484,-0.321982,0.214997,0.0,0.0,0.0,1.0
387521608,387521478,0.11731,-0.0142543,0.00602075,0.196834,0.0,0.0,0.0,1.0
387623219,387623078,-0.202906,-0.26391,-0.174868,0.190436,0.0,0.0,0.0,1.0
387724812,387724683,0.139038,0.0242369,-0.0557368,0.191711,0.0,0.0,0.0,1.0
387826413,387826277,0.273014,-0.101581,-0.243266,0.200456,0.0,0.0,0.0,1.0
387928016,387927882,-0.0684683,0.0272737,-0.0872454,0.187534,0.0,0.0,0.0,1.0
388030428,388030284,-0.296676,-0.111104,-0.317511,0.200429,0.0,0.0,0.0,1.0
388132023,388131877,0.0634692,-0.119149,-0.167046,0.183302,0.0,0.0,0.0,1.0
388233626,388233480,0.122282,-0.00695705,-0.0966347,0.182206,0.0,0.0,0.0,1.0
388335232,388335066,-0.116495,-0.0856588,-0.245107,0.177302,0.0,0.0,0.0,1.0
388436833,388436682,-0.134154,-0.108309,-0.341958,0.191121,0.0,0.0,0.0,1.0
388535186,388535040,0.233481,-0.0295035,-0.0823807,0.189253,0.0,0.0,0.0,1.0
388636833,388636682,-0.463586,-0.162708,-0.247202,0.195489,0.0,0.0,0.0,1.0
388738392,388738237,0.0828904,-0.188104,-0.279865,0.183849,0.0,0.0,0.0,1.0
388840029,388839884,0.00824103,-0.119367,-0.0130918,0.186156,0.0,0.0,0.0,1.0
388941627,388941480,-0.373017,0.0237271,-0.308158,0.19811,0.0,0.0,0.0,1.0
389043982,389043834,-0.23121,-0.0630767,-0.222524,0.189806,0.0,0.0,0.0,1.0
389145621,389145477,0.038011,-0.0665016,-0.205635,0.191259,0.0,0.0,0.0,1.0
389247232,389247083,-0.252864,-0.0131802,-0.131954,0.193259,0.0,0.0,0.0,1.0
389348809,389348660,0.137087,-0.131795,-0.126545,0.184997,0.0,0.0,0.0,1.0
389450385,389450235,0.106528,0.0379855,-0.0682192,0.187019,0.0,0.0,0.0,1.0
389552806,389552679,-0.0651988,0.11576,-0.116307,0.193851,0.0,0.0,0.0,1.0
389654405,389654264,0.0325107,-0.104821,-0.0697817,0.179026,0.0,0.0,0.0,1.0
389756016,389755884,-0.28965,-0.143613,-0.347172,0.189001,0.0,0.0,0.0,1.0
389857603,389857475,0.20948,-0.0567293,-0.226991,0.199744,0.0,0.0,0.0,1.0
389959267,389959081,0.130173,-0.121163,-0.0758661,0.198485,0.0,0.0,0.0,1.0
390057630,390057483,0.00133612,-0.118282,-0.16906,0.195565,0.0,0.0,0.0,1.0
390159244,390159042,-0.12774,-0.0605942,-0.207049,0.207386,0.0,0.0,0.0,1.0
390260802,390260645,-0.113794,-0.067423,-0.120196,0.201273,0.0,0.0,0.0,1.0
390362413,390362262,0.0462754,-0.186989,-0.263694,0.202083,0.0,0.0,0.0,1.0
390464029,390463883,-0.0538284,-0.140468,-0.211956,0.206971,0.0,0.0,0.0,1.0
390565622,390565481,-0.435979,-0.0120672,-0.297319,0.205371,0.0,0.0,0.0,1.0
390668015,390667866,0.0841924,0.105425,-0.112866,0.210211,0.0,0.0,0.0,1.0
390769625,390769476,-0.0300155,-0.145477,-0.352737,0.208668,0.0,0.0,0.0,1.0
390871230,390871083,0.153259,-0.0823677,-0.106335,0.19411,0.0,0.0,0.0,1.0
390972835,390972677,-0.159678,-0.08832,-0.33389,0.200286,0.0,0.0,0.0,1.0
391075236,391075081,-0.244706,-0.179309,-0.238532,0.213081,0.0,0.0,0.0,1.0
391176819,391176676,0.0497312,0.0694454,-0.142607,0.223518,0.0,0.0,0.0,1.0
391278426,391278277,0.260633,0.0135881,-0.339368,0.229739,0.0,0.0,0.0,1.0
391380035,391379884,-0.00526874,-0.00240053,-0.0935896,0.220627,0.0,0.0,0.0,1.0
391477608,391477476,-0.0187532,-0.099215,-0.219773,0.228731,0.0,0.0,0.0,1.0
391579287,391579080,-0.119316,-0.0566225,-0.12006,0.223995,0.0,0.0,0.0,1.0
391681638,391681482,0.090023,0.150277,0.0883481,0.233894,0.0,0.0,0.0,1.0
391783187,391783036,-0.31539,-0.216056,-0.168892,0.22474,0.0,0.0,0.0,1.0
391884802,391884647,0.0655925,0.0033008,-0.164301,0.222806,0.0,0.0,0.0,1.0
391986420,391986261,-0.0326448,0.0123152,-0.0690895,0.210735,0.0,0.0,0.0,1.0
392087992,392087837,0.0830323,-0.0739553,-0.147555,0.21384,0.0,0.0,0.0,1.0
392190425,392190278,-0.113112,-0.0892201,0.0044459,0.207631,0.0,0.0,0.0,1.0
392292011,392291862,-0.115846,-0.134525,-0.214989,0.194331,0.0,0.0,0.0,1.0
392393631,392393483,0.133683,-0.0541172,-0.11703,0.198147,0.0,0.0,0.0,1.0
392495232,392495082,0.0159934,0.078553,0.0935021,0.204649,0.0,0.0,0.0,1.0
392597603,392597461,-0.202893,-0.000378892,-0.343436,0.212889,0.0,0.0,0.0,1.0
392699279,392699084,0.270157,-0.0470242,0.0547615,0.206072,0.0,0.0,0.0,1.0
392800829,392800678,-0.0801357,-0.0420115,-0.140576,0.202764,0.0,0.0,0.0,1.0
392902422,392902276,0.0385282,-0.0716679,-0.143399,0.213919,0.0,0.0,0.0,1.0
393004001,393003860,-0.137848,-0.084752,-0.33224,0.215972,0.0,0.0,0.0,1.0
393101643,393101485,0.000614829,-0.269927,-0.29324,0.214861,0.0,0.0,0.0,1.0
393204029,393203879,-0.044333,-0.142114,-0.149865,0.223497,0.0,0.0,0.0,1.0
393305593,393305461,-0.0504762,-0.0244946,-0.132779,0.223216,0.0,0.0,0.0,1.0
393407199,393407048,-0.327202,-0.196476,-0.223892,0.214536,0.0,0.0,0.0,1.0
393508813,393508648,-0.11071,0.0168838,-0.108183,0.222961,0.0,0.0,0.0,1.0
393610422,393610283,-0.219516,-0.176536,-0.278575,0.22787,0.0,0.0,0.0,1.0
393712833,393712684,0.200568,0.0673948,-0.0326417,0.200768,0.0,0.0,0.0,1.0
393814429,393814276,-0.0181477,-0.0832604,-0.260171,0.195235,0.0,0.0,0.0,1.0
393916021,393915876,-0.0494705,-0.0894641,-0.164901,0.193824,0.0,0.0,0.0,1.0
394017609,394017461,0.0467562,-0.080649,0.013933,0.192905,0.0,0.0,0.0,1.0
394119986,394119840,-0.0359644,-0.0588535,-0.222119,0.199559,0.0,0.0,0.0,1.0
394221619,394221477,-0.0398054,-0.0178552,-0.0604087,0.212962,0.0,0.0,0.0,1.0
394323214,394323063,-0.063519,-6.99386e-05,-0.131025,0.215569,0.0,0.0,0.0,1.0
394424818,394424676,-0.00772344,-0.0636607,-0.0950489,0.219133,0.0,0.0,0.0,1.0
394526423,394526276,-0.155683,-0.113612,-0.17844,0.211739,0.0,0.0,0.0,1.0
394628019,394627875,0.197777,-0.0033672,-0.0665437,0.217886,0.0,0.0,0.0,1.0
394726386,394726235,0.0498649,0.15115,0.0564624,0.214006,0.0,0.0,0.0,1.0
394828035,394827882,0.0153074,-0.0791866,-0.221226,0.219034,0.0,0.0,0.0,1.0
394929625,394929480,0.00317156,-0.0840887,-0.0335493,0.204356,0.0,0.0,0.0,1.0
395031230,395031074,0.0020013,-0.151277,-0.151196,0.194623,0.0,0.0,0.0,1.0
395133620,395133480,0.0619798,-0.114632,-0.122999,0.196128,0.0,0.0,0.0,1.0
395235230,395235079,0.0449323,0.0940061,0.0210094,0.184544,0.0,0.0,0.0,1.0
395336810,395336662,-0.114097,-0.180722,-0.268141,0.186089,0.0,0.0,0.0,1.0
395438424,395438276,0.0903929,-0.183806,-0.229594,0.183664,0.0,0.0,0.0,1.0
395540014,395539876,0.14457,0.0401691,-0.14173,0.18746,0.0,0.0,0.0,1.0
395641631,395641484,-0.0927787,-0.0571746,-0.182161,0.18871,0.0,0.0,0.0,1.0
395744025,395743878,0.0996543,-0.0768541,-0.179589,0.196244,0.0,0.0,0.0,1.0
395845624,395845478,-0.0569759,-0.0337643,-0.123151,0.200119,0.0,0.0,0.0,1.0
395947238,395947080,-0.0436092,0.0107358,-0.224809,0.205157,0.0,0.0,0.0,1.0
396048831,396048682,0.180024,-0.0202755,-0.0069538,0.205734,0.0,0.0,0.0,1.0
396151190,396151041,0.136143,-0.0900698,-0.193205,0.212008,0.0,0.0,0.0,1.0
396248818,396248676,0.00825309,-0.019339,-0.0771442,0.212233,0.0,0.0,0.0,1.0
396350435,396350283,-0.117991,-0.0489892,-0.200162,0.198274,0.0,0.0,0.0,1.0
396452043,396451889,0.0180758,-0.101612,-0.133179,0.194784,0.0,0.0,0.0,1.0
396553627,396553478,0.163517,0.0509586,0.00759966,0.193244,0.0,0.0,0.0,1.0
396655229,396655072,-0.0897588,-0.0898208,-0.0463468,0.196422,0.0,0.0,0.0,1.0
396757616,396757478,0.141244,-0.000510113,-0.14135,0.194857,0.0,0.0,0.0,1.0
396859272,396859078,0.111392,-0.144335,-0.0728557,0.183672,0.0,0.0,0.0,1.0
396960806,396960660,-0.255569,-0.093563,-0.294797,0.194774,0.0,0.0,0.0,1.0
397062387,397062235,0.126901,-0.0226101,-0.15482,0.206018,0.0,0.0,0.0,1.0
397164810,397164657,0.0152631,0.00230194,0.0691666,0.213239,0.0,0.0,0.0,1.0
397266417,397266262,-0.0280346,-0.147329,-0.285935,0.218853,0.0,0.0,0.0,1.0
397368031,397367884,0.242573,0.0826383,0.0940672,0.207393,0.0,0.0,0.0,1.0
397469617,397469476,0.0974826,-0.0741669,-0.0187484,0.221351,0.0,0.0,0.0,1.0
397571232,397571078,-0.206422,-0.0146153,-0.134551,0.227081,0.0,0.0,0.0,1.0
397672804,397672659,0.283213,-0.0397173,-0.0753825,0.228865,0.0,0.0,0.0,1.0
397775177,397775041,-0.0319128,-0.118624,-0.174259,0.213384,0.0,0.0,0.0,1.0
397872807,397872676,0.158723,-0.0497001,-0.153681,0.217164,0.0,0.0,0.0,1.0
397974409,397974263,0.0939521,0.0338888,-0.0805049,0.218052,0.0,0.0,0.0,1.0
398075964,398075835,0.248432,-0.0442561,-0.193044,0.227708,0.0,0.0,0.0,1.0
398177612,398177476,0.000734288,-0.145038,-0.154193,0.212145,0.0,0.0,0.0,1.0
398280012,398279863,-0.00305466,-0.0292163,-0.099372,0.220727,0.0,0.0,0.0,1.0
398381579,398381435,-0.205645,-0.120666,-0.132221,0.202902,0.0,0.0,0.0,1.0
398483230,398483079,0.0709466,0.0329583,-0.182367,0.21303,0.0,0.0,0.0,1.0
398584826,398584677,-0.239001,-0.103364,-0.190325,0.205783,0.0,0.0,0.0,1.0
398686409,398686262,0.235208,-0.155608,-0.040776,0.200027,0.0,0.0,0.0,1.0
398788804,398788657,-0.0496076,-0.0366346,0.00494949,0.206543,0.0,0.0,0.0,1.0
398890422,398890275,-0.147114,-0.142883,-0.225763,0.199334,0.0,0.0,0.0,1.0
398992003,398991858,0.0985973,0.0932089,-0.0284915,0.20545,0.0,0.0,0.0,1.0
399093623,399093479,-0.0609827,-0.0691147,-0.257584,0.201586,0.0,0.0,0.0,1.0
399195232,399195080,-0.116324,-0.0701977,-0.136481,0.207031,0.0,0.0,0.0,1.0
399297617,399297461,-0.179451,-0.140863,-0.283023,0.215487,0.0,0.0,0.0,1.0
399399240,399399038,0.109729,-0.0242654,-0.230793,0.229248,0.0,0.0,0.0,1.0
399496824,399496676,0.0345425,-0.0534169,-0.141344,0.212883,0.0,0.0,0.0,1.0
399598430,399598280,-0.0286882,0.000443134,-0.256608,0.214143,0.0,0.0,0.0,1.0
399699983,399699835,0.103627,0.00574522,0.0519603,0.210541,0.0,0.0,0.0,1.0
399802417,399802280,0.231218,-0.0451307,-0.0426491,0.220035,0.0,0.0,0.0,1.0
399904010,399903879,-0.0802468,0.0250979,-0.14488,0.22361,0.0,0.0,0.0,1.0
400005609,400005484,0.200513,-0.0839572,-0.18151,0.218235,0.0,0.0,0.0,1.0
400107231,400107080,0.0991223,-0.0209696,-0.0125293,0.215433,0.0,0.0,0.0,1.0
400208810,400208677,0.0141438,-0.0338712,-0.0892112,0.21516,0.0,0.0,0.0,1.0
400311181,400311035,0.0252921,-0.0715445,-0.155977,0.221165,0.0,0.0,0.0,1.0
400412810,400412660,-0.0227581,-0.0657233,-0.043387,0.199692,0.0,0.0,0.0,1.0
400514426,400514275,0.112425,0.00436426,-0.0836623,0.200593,0.0,0.0,0.0,1.0
400616002,400615860,-0.0646045,-0.178604,-0.219685,0.209175,0.0,0.0,0.0,1.0
400717626,400717483,0.170616,0.0873273,0.120019,0.213644,0.0,0.0,0.0,1.0
400820033,400819878,-0.15986,-0.213907,-0.308832,0.204233,0.0,0.0,0.0,1.0
400921612,400921461,-0.0531424,-0.0689016,-0.0775992,0.202091,0.0,0.0,0.0,1.0
401023189,401023041,-0.133421,0.0273028,-0.297622,0.194593,0.0,0.0,0.0,1.0
401121621,401121478,-0.0930908,-0.0923958,-0.204435,0.198426,0.0,0.0,0.0,1.0
401222428,401222276,0.0589264,0.0927823,0.0164465,0.207196,0.0,0.0,0.0,1.0
401324828,401324683,0.071854,-0.0613466,-0.179431,0.220469,0.0,0.0,0.0,1.0
401426430,401426280,0.135507,-0.00191392,-0.106117,0.206773,0.0,0.0,0.0,1.0
401528021,401527880,-0.164012,-0.101259,-0.254742,0.222226,0.0,0.0,0.0,1.0
401629605,401629462,-0.021554,-0.00103205,-0.0363728,0.211474,0.0,0.0,0.0,1.0
401731195,401731041,-0.0653518,-0.171567,-0.179825,0.210193,0.0,0.0,0.0,1.0
401833610,401833478,0.0459379,0.0505568,-0.00242587,0.189852,0.0,0.0,0.0,1.0
401935195,401935061,-0.181341,-0.305991,-0.189951,0.194394,0.0,0.0,0.0,1.0
402036806,402036671,0.178387,-0.00544197,-0.0104026,0.200267,0.0,0.0,0.0,1.0
402138412,402138278,0.0845226,-0.050742,-0.0415845,0.196388,0.0,0.0,0.0,1.0
402240009,402239880,-0.121099,-0.145023,-0.220174,0.206453,0.0,0.0,0.0,1.0
402342428,402342284,0.0342391,-0.0115584,-0.0979583,0.208561,0.0,0.0,0.0,1.0
402444032,402443877,0.13208,-0.117342,-0.138052,0.210236,0.0,0.0,0.0,1.0
402545630,402545477,0.0721865,-0.0826704,-0.0688648,0.210282,0.0,0.0,0.0,1.0
402647217,402647071,-0.341666,-0.0962947,-0.17669,0.218173,0.0,0.0,0.0,1.0
402745625,402745480,0.0674731,-0.189104,-0.239224,0.214536,0.0,0.0,0.0,1.0
402847232,402847079,0.0297018,-0.0150379,0.0381683,0.215958,0.0,0.0,0.0,1.0
402948817,402948662,0.0557706,-0.0491334,-0.15868,0.225126,0.0,0.0,0.0,1.0
403050427,403050278,-0.0600004,-0.125904,-0.0760523,0.212845,0.0,0.0,0.0,1.0
403152020,403151879,-0.00807981,0.00671499,-0.0902377,0.207425,0.0,0.0,0.0,1.0
403253623,403253478,-0.27545,-0.0968696,-0.181275,0.216849,0.0,0.0,0.0,1.0
403355238,403355084,0.112818,0.0154091,-0.123473,0.218181,0.0,0.0,0.0,1.0
403457632,403457480,-0.219101,-0.0192026,-0.263331,0.241624,0.0,0.0,0.0,1.0
403559279,403559076,0.137382,-0.0615485,0.00816615,0.233084,0.0,0.0,0.0,1.0
403660825,403660678,-0.0525085,-0.0800607,-0.234265,0.24894,0.0,0.0,0.0,1.0
403762392,403762239,-0.135399,-0.0864751,-0.197444,0.247172,0.0,0.0,0.0,1.0
403864810,403864675,-0.0576213,-0.157395,-0.142134,0.234294,0.0,0.0,0.0,1.0
403966420,403966283,-0.00883098,0.0457996,-0.0216261,0.23517,0.0,0.0,0.0,1.0
404068022,404067882,0.132355,-0.0184607,-0.17887,0.23707,0.0,0.0,0.0,1.0
404169619,404169481,-0.0447576,-0.0554689,-0.162371,0.222995,0.0,0.0,0.0,1.0
404271210,404271073,0.165915,-0.0120063,-0.000445098,0.225876,0.0,0.0,0.0,1.0
404369626,404369481,-0.14688,0.0144405,0.00900666,0.217238,0.0,0.0,0.0,1.0
404471234,404471079,-0.111709,-0.069487,-0.264859,0.219681,0.0,0.0,0.0,1.0
404572818,404572660,0.0814455,-0.0360506,-0.059187,0.216206,0.0,0.0,0.0,1.0
404674431,404674284,-0.190106,-0.0247563,-0.288147,0.234136,0.0,0.0,0.0,1.0
404776021,404775877,0.168605,0.00904548,-0.0562061,0.224564,0.0,0.0,0.0,1.0
404877627,404877479,-0.121665,-0.0766951,-0.244668,0.213115,0.0,0.0,0.0,1.0
404979978,404979834,0.137313,-0.0391634,-0.00475054,0.206682,0.0,0.0,0.0,1.0
405081625,405081476,-0.238137,-0.0437899,-0.239922,0.205559,0.0,0.0,0.0,1.0
405183231,405183079,0.103495,-0.0578136,-0.119067,0.218411,0.0,0.0,0.0,1.0
405285627,405285485,-0.0297643,-0.0797323,-0.177179,0.222585,0.0,0.0,0.0,1.0
405387234,405387079,-0.00628816,-0.110712,-0.30154,0.221024,0.0,0.0,0.0,1.0
405488820,405488676,0.14674,0.105488,0.0471923,0.224281,0.0,0.0,0.0,1.0
405590407,405590259,0.103166,-0.139873,-0.122575,0.225939,0.0,0.0,0.0,1.0
405692037,405691881,0.0511778,-0.0121688,-0.00847165,0.216901,0.0,0.0,0.0,1.0
405793633,405793484,-0.223576,-0.106624,-0.125542,0.207171,0.0,0.0,0.0,1.0
405891224,405891076,-0.10146,-0.101255,-0.147163,0.220294,0.0,0.0,0.0,1.0
405993598,405993439,0.193608,-0.107553,-0.198131,0.206151,0.0,0.0,0.0,1.0
406095235,406095080,0.115266,0.00754688,-0.0573967,0.211226,0.0,0.0,0.0,1.0
406196812,406196677,-0.141499,-0.0286572,-0.22806,0.227815,0.0,0.0,0.0,1.0
406298392,406298263,0.0936797,-0.0240561,-0.00726727,0.21497,0.0,0.0,0.0,1.0
406400828,406400677,-0.057463,-0.0548354,-0.234292,0.199215,0.0,0.0,0.0,1.0
406502413,406502276,-0.00770026,-0.0212972,-0.00855301,0.200772,0.0,0.0,0.0,1.0
406603992,406603863,-0.166907,-0.0692226,-0.222927,0.193468,0.0,0.0,0.0,1.0
406705621,406705483,0.0273588,-0.0634731,-0.250406,0.18874,0.0,0.0,0.0,1.0
406807210,406807078,0.212564,-0.175286,-0.159974,0.175948,0.0,0.0,0.0,1.0
406909606,406909460,0.161374,-0.0702255,-0.056885,0.192141,0.0,0.0,0.0,1.0
407011228,407011082,0.0109494,0.104992,-0.0316283,0.194828,0.0,0.0,0.0,1.0
407112821,407112676,0.00909767,-0.0770711,-0.0391815,0.196891,0.0,0.0,0.0,1.0
407214425,407214275,-0.152214,-0.0133237,-0.257074,0.20628,0.0,0.0,0.0,1.0
407316031,407315868,0.0826771,0.0734993,-0.0678817,0.212031,0.0,0.0,0.0,1.0
407414429,407414279,-0.0344973,-0.0257801,-0.221416,0.210703,0.0,0.0,0.0,1.0
407516019,407515879,0.179433,-0.0613999,-0.108226,0.210913,0.0,0.0,0.0,1.0
407617608,407617463,-0.267509,-0.105992,-0.20804,0.211908,0.0,0.0,0.0,1.0
407719283,407719082,0.249163,0.0244017,0.00661843,0.217232,0.0,0.0,0.0,1.0
407821621,407821476,-0.0708468,0.0161389,-0.0204365,0.212983,0.0,0.0,0.0,1.0
407922433,407922282,-0.00741567,-0.148709,-0.221023,0.208985,0.0,0.0,0.0,1.0
408024824,408024677,0.0848634,-0.0788734,-0.0438347,0.199834,0.0,0.0,0.0,1.0
408126424,408126278,0.0256947,-0.00239625,-0.106452,0.199185,0.0,0.0,0.0,1.0
408228017,408227877,-0.0720877,-0.0676569,-0.175695,0.195203,0.0,0.0,0.0,1.0
408329587,408329434,-0.161224,-0.142672,-0.240932,0.202684,0.0,0.0,0.0,1.0
408432002,408431876,0.0969674,-0.186394,-0.174034,0.194429,0.0,0.0,0.0,1.0
408533604,408533479,0.301723,-0.139233,-0.0472607,0.194806,0.0,0.0,0.0,1.0
408635167,408635035,0.0600207,-0.123459,-0.111104,0.200315,0.0,0.0,0.0,1.0
408736808,408736676,-0.0590905,-0.00632706,-0.122393,0.200003,0.0,0.0,0.0,1.0
408838396,408838266,-0.0384681,-0.109855,-0.261215,0.198752,0.0,0.0,0.0,1.0
408940009,408939864,-0.0267338,-0.00997093,-0.286211,0.20871,0.0,0.0,0.0,1.0
409038432,409038283,0.350368,-0.103688,0.144671,0.211139,0.0,0.0,0.0,1.0
409140031,409139882,-0.122638,0.0922243,0.0601804,0.22823,0.0,0.0,0.0,1.0
409241605,409241461,-0.125152,-0.0510027,-0.237821,0.219747,0.0,0.0,0.0,1.0
409343189,409343036,0.229405,-0.142723,-0.1302,0.211778,0.0,0.0,0.0,1.0
409445613,409445476,-0.0437136,-0.21368,-0.139492,0.12,0.0,0.0,0.0,1.0
409547214,409547062,0.0786987,-0.0440484,-0.190644,0.12,0.0,0.0,0.0,1.0
409648831,409648683,0.131899,0.0698166,-0.117954,0.297217,0.0,0.0,0.0,1.0
409750427,409750280,-0.0146788,-0.0632238,-0.14077,0.314377,0.0,0.0,0.0,1.0
409852033,409851879,-0.116989,-0.00823905,-0.0542633,0.297544,0.0,0.0,0.0,1.0
409953614,409953459,0.212865,-0.0565825,0.0114302,0.283199,0.0,0.0,0.0,1.0
410056024,410055879,-0.0737751,-0.121576,-0.138703,0.270129,0.0,0.0,0.0,1.0
410157626,410157477,-0.0640498,-0.140361,-0.12941,0.263151,0.0,0.0,0.0,1.0
410259265,410259063,0.145111,0.0690347,0.049761,0.258036,0.0,0.0,0.0,1.0
410360832,410360681,-0.0319649,0.0443358,0.0301269,0.255094,0.0,0.0,0.0,1.0
410462427,410462278,-0.04805,0.151219,0.0121949,0.245951,0.0,0.0,0.0,1.0
410564801,410564662,-0.029454,0.135141,-0.0226855,0.239088,0.0,0.0,0.0,1.0
410666375,410666237,0.311419,0.146883,-0.0734028,0.232463,0.0,0.0,0.0,1.0
410768021,410767889,0.178844,0.0444942,-0.0405611,0.224542,0.0,0.0,0.0,1.0
410869606,410869478,0.320267,-0.0512842,-0.0804795,0.232304,0.0,0.0,0.0,1.0
410971227,410971065,-0.144664,-0.0382074,-0.098069,0.225757,0.0,0.0,0.0,1.0
411073628,411073476,-0.00786285,-0.0457225,-0.0999994,0.222209,0.0,0.0,0.0,1.0
411175225,411175077,-0.242092,0.0357486,-0.121038,0.223657,0.0,0.0,0.0,1.0
411276797,411276643,-0.0849506,0.0841118,0.0072136,0.226249,0.0,0.0,0.0,1.0
411378425,411378276,-0.00564332,0.0260603,-0.0412037,0.12,0.0,0.0,0.0,1.0
411480819,411480676,0.141791,-0.058856,-0.140652,0.12,0.0,0.0,0.0,1.0
411582413,411582255,0.0341586,-0.0289666,-0.110011,0.12,0.0,0.0,0.0,1.0
411684035,411683882,0.111798,-0.0733761,-0.0855668,0.328653,0.0,0.0,0.0,1.0
411785627,411785477,0.0089098,-0.0108031,0.0116979,0.294941,0.0,0.0,0.0,1.0
411887185,411887040,-0.0445829,-0.048562,-0.148179,0.265733,0.0,0.0,0.0,1.0
411985621,411985478,-0.328852,-0.147195,-0.110407,0.238512,0.0,0.0,0.0,1.0
412087231,412087080,0.165863,-0.0419903,0.00114423,0.229394,0.0,0.0,0.0,1.0
412188825,412188678,-0.0109471,-0.063305,-0.024424,0.219804,0.0,0.0,0.0,1.0
412290383,412290235,0.0539827,-0.0151743,-0.0059528,0.219424,0.0,0.0,0.0,1.0
412391986,412391840,-0.106247,-0.0168315,-0.237991,0.231388,0.0,0.0,0.0,1.0
412493624,412493479,-0.0381105,0.00373648,-0.0843404,0.234898,0.0,0.0,0.0,1.0
412595997,412595863,0.0841531,-0.0457544,-0.160022,0.251781,0.0,0.0,0.0,1.0
412697607,412697477,0.181643,-0.0664763,-0.232746,0.263227,0.0,0.0,0.0,1.0
412799262,412799075,0.0357058,-0.0987199,-0.157384,0.278937,0.0,0.0,0.0,1.0
412901634,412901483,-0.113737,0.00873309,-0.0855344,0.277983,0.0,0.0,0.0,1.0
413002426,413002282,0.0299737,0.101955,-0.0256452,0.261493,0.0,0.0,0.0,1.0
413104819,413104676,0.044486,-0.001983,-0.0371147,0.257453,0.0,0.0,0.0,1.0
413206418,413206263,0.160706,-0.0440229,-0.189688,0.265497,0.0,0.0,0.0,1.0
413307979,413307835,-0.0503984,-0.0809678,-0.153798,0.246846,0.0,0.0,0.0,1.0
413409624,413409477,-0.262981,-0.14994,-0.204662,0.238977,0.0,0.0,0.0,1.0
413511190,413511037,-0.14393,-0.0872994,-0.214655,0.215758,0.0,0.0,0.0,1.0
413609583,413609437,0.0866731,-0.00604103,-0.241165,0.198947,0.0,0.0,0.0,1.0
413711229,413711078,0.0298982,-0.155041,-0.182041,0.186146,0.0,0.0,0.0,1.0
413812827,413812677,-0.034769,0.019058,-0.369383,0.179338,0.0,0.0,0.0,1.0
413914409,413914260,-0.15793,-0.0408696,-0.332474,0.181337,0.0,0.0,0.0,1.0
414015977,414015835,0.10391,-0.0744667,-0.122879,0.173624,0.0,0.0,0.0,1.0
414118425,414118277,-0.0743015,-0.109779,-0.244263,0.170104,0.0,0.0,0.0,1.0
414220001,414219860,-0.0441042,-0.125335,-0.331298,0.168927,0.0,0.0,0.0,1.0
414321627,414321483,0.0313879,-0.0752643,-0.254301,0.18019,0.0,0.0,0.0,1.0
414423189,414423038,0.0471637,-0.180128,-0.0874796,0.164956,0.0,0.0,0.0,1.0
414525589,414525461,-0.0984445,0.0641318,-0.0680393,0.176882,0.0,0.0,0.0,1.0
414627183,414627034,-0.319436,-0.0823409,-0.0930265,0.193337,0.0,0.0,0.0,1.0
414728827,414728677,0.160365,-0.0735455,-0.312285,0.194714,0.0,0.0,0.0,1.0
414830430,414830278,-0.0801913,-0.167334,-0.242341,0.190445,0.0,0.0,0.0,1.0
414932018,414931863,-0.152132,-0.0229994,0.100743,0.178256,0.0,0.0,0.0,1.0
415030426,415030280,0.144528,-0.0665076,-0.0874192,0.172344,0.0,0.0,0.0,1.0
415132026,415131879,-0.0607686,-0.216798,-0.237152,0.165366,0.0,0.0,0.0,1.0
415233606,415233463,0.339641,0.0217667,-0.0395902,0.182434,0.0,0.0,0.0,1.0
415335241,415335082,-0.134337,0.107604,-0.0593181,0.208699,0.0,0.0,0.0,1.0
415436824,415436677,0.21469,-0.166968,-0.0766527,0.197098,0.0,0.0,0.0,1.0
415538426,415538277,-0.0108133,-0.141313,-0.26299,0.212618,0.0,0.0,0.0,1.0
415640832,415640679,-0.0880791,-0.185731,-0.0713904,0.211614,0.0,0.0,0.0,1.0
415742429,415742278,0.0654178,-0.0153301,-0.110867,0.211309,0.0,0.0,0.0,1.0
415844022,415843878,-0.197533,-0.0419363,-0.313057,0.229845,0.0,0.0,0.0,1.0
415945580,415945435,0.229915,0.0131922,-0.154175,0.218606,0.0,0.0,0.0,1.0
416048035,416047888,0.0682403,-0.0471463,-0.171147,0.218684,0.0,0.0,0.0,1.0
416149616,416149479,-0.176959,0.00712385,0.0774173,0.205331,0.0,0.0,0.0,1.0
416251218,416251082,0.0982923,-0.0819645,-0.142149,0.202832,0.0,0.0,0.0,1.0
416352809,416352675,0.0187662,-0.0393965,-0.0753173,0.194039,0.0,0.0,0.0,1.0
416454410,416454279,0.114838,0.0406941,-0.107213,0.165354,0.0,0.0,0.0,1.0
416556001,416555861,0.270771,-0.17765,-0.141858,0.175534,0.0,0.0,0.0,1.0
416654430,416654280,0.292991,-0.180512,-0.0957796,0.190693,0.0,0.0,0.0,1.0
416756031,416755882,-0.209827,-0.0658492,-0.270377,0.205176,0.0,0.0,0.0,1.0
416857606,416857462,0.0599678,-0.00368861,-0.169434,0.195659,0.0,0.0,0.0,1.0
416959239,416959036,-0.15795,-0.0716111,-0.292564,0.210414,0.0,0.0,0.0,1.0
417061616,417061476,0.132025,-0.163088,-0.0965256,0.214252,0.0,0.0,0.0,1.0
417163217,417163063,0.0786034,0.0497158,-0.168786,0.224682,0.0,0.0,0.0,1.0
417264832,417264682,-0.0721638,0.021481,-0.246689,0.227143,0.0,0.0,0.0,1.0
417366435,417366276,-0.118804,-0.0748401,-0.181155,0.211088,0.0,0.0,0.0,1.0
417468034,417467883,0.12544,-0.0899677,-0.0590659,0.210304,0.0,0.0,0.0,1.0
417569609,417569461,-0.134058,-0.121005,-0.153256,0.217834,0.0,0.0,0.0,1.0
417672028,417671881,0.124473,-0.0375536,-0.00280286,0.206976,0.0,0.0,0.0,1.0
417773622,417773478,0.161429,-0.112259,-0.201578,0.224886,0.0,0.0,0.0,1.0
417875210,417875059,0.00682928,0.0592918,0.0357354,0.219937,0.0,0.0,0.0,1.0
417976834,417976684,0.0728085,-0.00905882,-0.116531,0.248696,0.0,0.0,0.0,1.0
418075178,418075040,0.0941739,0.0205683,0.0394625,0.238595,0.0,0.0,0.0,1.0
418176819,418176682,0.0179799,-0.0911792,-0.0406161,0.241441,0.0,0.0,0.0,1.0
418278373,418278238,0.0211699,-0.057303,-0.18322,0.253492,0.0,0.0,0.0,1.0
418379978,418379837,0.0343874,-0.0883367,-0.186095,0.261394,0.0,0.0,0.0,1.0
418481610,418481481,-0.0391205,-0.0989841,-0.150561,0.255924,0.0,0.0,0.0,1.0
418583195,418583062,-0.0696812,0.0351192,0.00403253,0.238399,0.0,0.0,0.0,1.0
418685624,418685476,0.0133167,-0.0476535,-0.0560996,0.244265,0.0,0.0,0.0,1.0
418787230,418787078,0.0272411,-0.0878608,-0.113101,0.240329,0.0,0.0,0.0,1.0
418888808,418888659,-0.279242,-0.107735,-0.131367,0.226818,0.0,0.0,0.0,1.0
418990432,418990282,0.118837,-0.0294445,-0.0944578,0.20098,0.0,0.0,0.0,1.0
419092039,419091884,0.0784684,-0.106331,-0.149844,0.197038,0.0,0.0,0.0,1.0
419194413,419194262,-0.00500408,-0.0668398,-0.147343,0.200316,0.0,0.0,0.0,1.0
419295996,419295845,-0.217487,0.0445688,-0.009912,0.203877,0.0,0.0,0.0,1.0
419397627,419397481,-0.128353,-0.0559658,-0.285917,0.209843,0.0,0.0,0.0,1.0
419499281,419499080,-0.0704899,-0.0745902,-0.126908,0.216547,0.0,0.0,0.0,1.0
419596825,419596661,-0.250945,-0.131884,-0.148475,0.209703,0.0,0.0,0.0,1.0
419699245,419699040,0.0344367,0.0408569,-0.109494,0.211491,0.0,0.0,0.0,1.0
419800804,419800646,-0.221038,-0.134025,-0.0780616,0.217146,0.0,0.0,0.0,1.0
419902415,419902262,0.138364,0.0374572,-0.0616618,0.211306,0.0,0.0,0.0,1.0
420004031,420003882,-0.317975,-0.169539,-0.224622,0.207165,0.0,0.0,0.0,1.0
420105626,420105479,-0.0457261,-0.145778,-0.231838,0.20916,0.0,0.0,0.0,1.0
420207995,420207864,0.150676,-0.0581087,0.00186019,0.204807,0.0,0.0,0.0,1.0
420309613,420309479,0.196193,-0.0886597,-0.153581,0.207898,0.0,0.0,0.0,1.0
420411224,420411082,0.105983,0.000965375,-0.14498,0.204747,0.0,0.0,0.0,1.0
420512805,420512676,0.166673,-0.133321,-0.0307383,0.205892,0.0,0.0,0.0,1.0
420614418,420614282,0.152774,0.0210854,0.00998562,0.216984,0.0,0.0,0.0,1.0
420716822,420716675,0.115404,0.107982,0.104983,0.22748,0.0,0.0,0.0,1.0
420818437,420818276,0.124636,0.0906644,0.00403156,0.24153,0.0,0.0,0.0,1.0
420919983,420919836,0.138973,-0.266963,0.133545,0.12,0.0,0.0,0.0,-1.0
421021624,421021478,0.251729,0.0358697,-0.0601207,0.12042,0.0,0.0,0.0,-1.0
421123237,421123086,0.0505238,0.246638,-0.19392,0.159278,0.0,0.0,0.0,-1.0
421221632,421221484,0.0743965,0.0618232,-0.133959,0.187969,0.0,0.0,0.0,-1.0
421323186,421323040,-0.156788,-0.0767672,-0.176528,0.212178,0.0,0.0,0.0,-1.0
421424798,421424645,0.0113224,0.0238043,-0.100148,0.223288,0.0,0.0,0.0,-1.0
421526412,421526263,-0.0487458,0.0288168,-0.0857218,0.228429,0.0,0.0,0.0,-1.0
421627993,421627836,-0.101228,0.119134,0.0190726,0.233511,0.0,0.0,0.0,-1.0
421730427,421730279,-0.0053947,0.0813631,-0.026096,0.227937,0.0,0.0,0.0,-1.0
421832008,421831862,0.128585,-0.0396801,0.0345957,0.233853,0.0,0.0,0.0,-1.0
421933629,421933483,-0.166062,-0.0494069,-0.303079,0.224582,0.0,0.0,0.0,-1.0
422035231,422035081,-0.161514,0.0791955,-0.0877504,0.220953,0.0,0.0,0.0,-1.0
422136828,422136676,0.0975103,0.00578538,-0.0788165,0.217071,0.0,0.0,0.0,-1.0
422239266,422239082,-0.104389,0.0750425,-0.155424,0.217749,0.0,0.0,0.0,-1.0
422340828,422340677,0.249673,0.00621028,-0.0815206,0.222965,0.0,0.0,0.0,-1.0
422442417,422442279,0.124774,0.0222224,-0.0992555,0.222596,0.0,0.0,0.0,-1.0
422544003,422543870,-0.0539102,0.0779449,0.0316904,0.219057,0.0,0.0,0.0,-1.0
422645610,422645483,-0.0764901,-0.0312814,-0.119786,0.219258,0.0,0.0,0.0,-1.0
422743232,422743081,0.24801,-0.00363015,-0.0538955,0.217569,0.0,0.0,0.0,-1.0
422845603,422845459,-0.0658049,0.0519502,-0.0739904,0.215725,0.0,0.0,0.0,-1.0
422947195,422947042,0.170615,-0.00899877,-0.103841,0.22023,0.0,0.0,0.0,-1.0
423048801,423048645,0.116678,0.106826,0.00319687,0.216131,0.0,0.0,0.0,-1.0
423150431,423150282,0.061896,-0.000765491,-0.140518,0.209854,0.0,0.0,0.0,-1.0
423252788,423252634,0.020787,0.114949,-0.0372992,0.211425,0.0,0.0,0.0,-1.0
423354438,423354282,0.043774,-0.00482689,-0.162182,0.211529,0.0,0.0,0.0,-1.0
423456024,423455882,0.205107,0.125744,-0.0795652,0.214513,0.0,0.0,0.0,-1.0
423557609,423557462,-0.0357484,0.123259,-0.0868865,0.213667,0.0,0.0,0.0,-1.0
423660021,423659879,0.0933492,0.126709,0.0254011,0.204888,0.0,0.0,0.0,-1.0
423761617,423761478,-0.00871341,0.0205059,-0.1568,0.200349,0.0,0.0,0.0,-1.0
423863215,423863063,0.16636,-0.0641337,-0.117205,0.19738,0.0,0.0,0.0,-1.0
423964836,423964679,0.0631517,0.0452316,-0.0389921,0.201571,0.0,0.0,0.0,-1.0
424066424,424066276,9.97633e-05,0.0215201,-0.109133,0.211143,0.0,0.0,0.0,-1.0
424168030,424167886,0.142089,0.0219621,0.0384567,0.215318,0.0,0.0,0.0,-1.0
424265574,424265435,0.0666529,0.136545,-0.0706778,0.212164,0.0,0.0,0.0,-1.0
424368029,424367876,0.113935,0.073798,-0.10113,0.207485,0.0,0.0,0.0,-1.0
424469631,424469477,-0.333017,-0.00255989,-0.202095,0.21023,0.0,0.0,0.0,-1.0
424571204,424571049,0.324231,-0.0161311,-0.144857,0.202356,0.0,0.0,0.0,-1.0
424672807,424672645,-0.125775,0.122363,-0.116488,0.202824,0.0,0.0,0.0,-1.0
424774435,424774282,0.143358,-0.00759704,-0.182742,0.204281,0.0,0.0,0.0,-1.0
424876835,424876683,-0.024785,0.0809021,-0.115988,0.206885,0.0,0.0,0.0,-1.0
424978423,424978276,0.0967783,-0.0583368,-0.107598,0.204164,0.0,0.0,0.0,-1.0
425080020,425079879,-0.0950087,-0.0560908,-0.210537,0.204425,0.0,0.0,0.0,-1.0
425181608,425181460,0.112039,0.0579724,-0.0553246,0.204529,0.0,0.0,0.0,-1.0
425284024,425283881,0.00467943,-0.0238098,-0.205149,0.208876,0.0,0.0,0.0,-1.0
425385624,425385481,0.229989,0.127598,-0.0438138,0.208011,0.0,0.0,0.0,-1.0
425487218,425487061,0.0947647,-0.0592125,-0.174022,0.204114,0.0,0.0,0.0,-1.0
425588828,425588683,0.0910618,0.0586246,-0.0353799,0.209974,0.0,0.0,0.0,-1.0
425691194,425691037,0.200537,0.030244,-0.0640377,0.211037,0.0,0.0,0.0,-1.0
425788003,425787838,0.152156,0.0422224,0.0246858,0.215298,0.0,0.0,0.0,-1.0
425890436,425890283,0.114729,-0.037482,-0.178016,0.218996,0.0,0.0,0.0,-1.0
425992033,425991880,-0.105308,0.0910204,0.00512428,0.213431,0.0,0.0,0.0,-1.0
426093632,426093477,0.114616,-0.0457312,-0.112952,0.216128,0.0,0.0,0.0,-1.0
426195216,426195071,-0.0435734,0.120433,-0.0927842,0.216279,0.0,0.0,0.0,-1.0
426296802,426296651,0.260639,0.145856,-0.147484,0.223189,0.0,0.0,0.0,-1.0
426399266,426399078,0.18478,0.0401241,-0.125945,0.214315,0.0,0.0,0.0,-1.0
426500796,426500659,-0.113901,0.15332,-0.0411106,0.211949,0.0,0.0,0.0,-1.0
426602377,426602237,0.203104,-0.0472937,-0.11176,0.212266,0.0,0.0,0.0,-1.0
426704004,426703879,-0.0646017,0.036539,-0.150656,0.211186,0.0,0.0,0.0,-1.0
426805611,426805479,0.166302,0.0802203,-0.0892081,0.221483,0.0,0.0,0.0,-1.0
426907980,426907836,0.0226183,-0.047409,-0.119431,0.216974,0.0,0.0,0.0,-1.0
427009618,427009479,-0.158448,-0.141944,-0.179418,0.217267,0.0,0.0,0.0,-1.0
427111229,427111075,0.0782783,0.102053,-0.0706872,0.219342,0.0,0.0,0.0,-1.0
427212807,427212662,0.0470094,-0.0539238,-0.128514,0.210345,0.0,0.0,0.0,-1.0
427315182,427315039,0.00422304,-0.0432005,-0.175465,0.21209,0.0,0.0,0.0,-1.0
427412823,427412678,0.146333,0.00897476,-0.105376,0.211665,0.0,0.0,0.0,-1.0
427514417,427514262,-0.225352,0.0324909,-0.192892,0.213874,0.0,0.0,0.0,-1.0
427616032,427615881,0.128249,0.0714798,-0.110725,0.215616,0.0,0.0,0.0,-1.0
427717628,427717476,-0.0207049,0.0776381,-0.156963,0.217879,0.0,0.0,0.0,-1.0
427819293,427819085,0.0844063,0.0529817,-0.0454781,0.225539,0.0,0.0,0.0,-1.0
427921618,427921477,0.205158,0.025405,-0.13414,0.221525,0.0,0.0,0.0,-1.0
428023214,428023075,-0.0693071,0.0905079,-0.123835,0.224392,0.0,0.0,0.0,-1.0
428124818,428124677,0.0960786,-0.015717,-0.042716,0.218519,0.0,0.0,0.0,-1.0
428226371,428226236,-0.114291,-0.0571247,-0.196863,0.217589,0.0,0.0,0.0,-1.0
428328807,428328659,-0.243898,0.0113708,-0.157546,0.217487,0.0,0.0,0.0,-1.0
428430430,428430271,0.0913884,-0.0122492,-0.0838517,0.21681,0.0,0.0,0.0,-1.0
428532031,428531884,0.0821239,0.0487972,-0.130695,0.214201,0.0,0.0,0.0,-1.0
428633628,428633480,0.189492,0.115847,0.0190037,0.217849,0.0,0.0,0.0,-1.0
428735231,428735080,0.124734,-0.0320535,-0.133154,0.212223,0.0,0.0,0.0,-1.0
428836809,428836660,-0.14786,0.0464571,-0.14537,0.216787,0.0,0.0,0.0,-1.0
428939245,428939039,0.0864383,0.0184955,-0.0380319,0.219459,0.0,0.0,0.0,-1.0
429040809,429040646,0.14774,-0.0200582,-0.14362,0.220119,0.0,0.0,0.0,-1.0
429142423,429142277,-0.115441,0.111221,-0.0671099,0.216976,0.0,0.0,0.0,-1.0
429243982,429243834,0.159868,0.0956033,-0.10263,0.221072,0.0,0.0,0.0,-1.0
429346424,429346277,0.259278,0.0375962,-0.154248,0.219214,0.0,0.0,0.0,-1.0
429448027,429447881,-0.16885,0.0640061,-0.160873,0.216049,0.0,0.0,0.0,-1.0
429549623,429549483,0.0403074,0.0258811,-0.0405837,0.215252,0.0,0.0,0.0,-1.0
429651232,429651079,0.142253,0.00325638,-0.192647,0.212444,0.0,0.0,0.0,-1.0
429752823,429752676,-0.0465272,0.144556,-0.0457274,0.21095,0.0,0.0,0.0,-1.0
429855184,429855034,0.0667861,-0.0346145,-0.114951,0.21083,0.0,0.0,0.0,-1.0
429956825,429956677,-0.138065,0.00307989,-0.100414,0.211087,0.0,0.0,0.0,-1.0
430058427,430058279,0.0854955,-0.000472672,-0.165621,0.205729,0.0,0.0,0.0,-1.0
430159986,430159860,0.151599,0.0423579,-0.0207248,0.210804,0.0,0.0,0.0,-1.0
430261617,430261484,-0.0493455,0.153036,-0.101049,0.208018,0.0,0.0,0.0,-1.0
430360048,430359881,0.0965696,0.00176733,-0.15462,0.214252,0.0,0.0,0.0,-1.0
430461619,430461461,0.0394631,0.149732,-0.0352036,0.22012,0.0,0.0,0.0,-1.0
430563192,430563040,-0.082166,-0.0107263,-0.153001,0.214506,0.0,0.0,0.0,-1.0
430664801,430664646,0.136319,0.0167424,-0.0437914,0.217688,0.0,0.0,0.0,-1.0
430766430,430766278,0.0368799,0.0970746,-0.0255283,0.213771,0.0,0.0,0.0,-1.0
430868829,430868682,0.22746,0.0552588,-0.116007,0.217789,0.0,0.0,0.0,-1.0
430970435,430970279,-0.0257917,0.164895,-0.0500371,0.222187,0.0,0.0,0.0,-1.0
431072019,431071876,0.190062,-0.0715693,-0.110376,0.216,0.0,0.0,0.0,-1.0
431173607,431173463,-0.0569518,0.0314243,-0.113334,0.220045,0.0,0.0,0.0,-1.0
431275188,431275038,0.107087,-0.0640272,-0.13926,0.22072,0.0,0.0,0.0,-1.0
431377630,431377479,0.0642669,0.107222,-0.0882729,0.224599,0.0,0.0,0.0,-1.0
431479266,431479064,0.152864,0.0527526,-0.145885,0.221627,0.0,0.0,0.0,-1.0
431580783,431580634,-0.0322929,0.0873123,-0.123507,0.220828,0.0,0.0,0.0,-1.0
431682423,431682278,0.153086,-0.0362311,-0.0651778,0.218266,0.0,0.0,0.0,-1.0
431784025,431783881,0.0153236,0.0770066,-0.189874,0.220235,0.0,0.0,0.0,-1.0
431881589,431881460,0.147648,-0.0780458,-0.172045,0.217459,0.0,0.0,0.0,-1.0
431984018,431983877,-0.0640183,0.054882,-0.0481347,0.220161,0.0,0.0,0.0,-1.0
432085615,432085478,0.16932,-0.0405114,-0.161556,0.20698,0.0,0.0,0.0,-1.0
432187201,432187071,0.042146,0.129229,-0.055706,0.207829,0.0,0.0,0.0,-1.0
432288803,432288646,0.0979603,-0.00143447,-0.130724,0.205135,0.0,0.0,0.0,-1.0
432390431,432390282,0.0210842,0.0561335,-0.0484144,0.213681,0.0,0.0,0.0,-1.0
432492808,432492659,0.161448,-0.0317053,-0.130505,0.212484,0.0,0.0,0.0,-1.0
432594430,432594275,0.132552,0.0882307,-0.0397428,0.221492,0.0,0.0,0.0,-1.0
432696017,432695876,-0.0995113,-0.0670541,-0.190064,0.220984,0.0,0.0,0.0,-1.0
432797616,432797475,-0.138548,0.0180391,-0.0703296,0.221214,0.0,0.0,0.0,-1.0
432900026,432899881,0.138762,0.0131622,-0.16078,0.222046,0.0,0.0,0.0,-1.0
433001620,433001477,-0.184443,0.113138,-0.103412,0.221447,0.0,0.0,0.0,-1.0
433103246,433103090,0.0372655,-0.0205863,-0.0496862,0.225474,0.0,0.0,0.0,-1.0
433204832,433204677,-0.0462087,-0.0156643,-0.189286,0.223169,0.0,0.0,0.0,-1.0
433306398,433306247,0.0389751,0.0621876,-0.10829,0.219127,0.0,0.0,0.0,-1.0
433404025,433403881,0.112765,-0.0459622,-0.118998,0.22111,0.0,0.0,0.0,-1.0
433506429,433506285,-0.0966321,0.0245323,-0.151465,0.215912,0.0,0.0,0.0,-1.0
433608031,433607877,0.173282,0.0668481,-0.0255719,0.219828,0.0,0.0,0.0,-1.0
433709621,433709476,-0.131924,-0.0216897,-0.151639,0.217222,0.0,0.0,0.0,-1.0
433811198,433811071,-0.0540301,0.0341647,-0.0798743,0.217797,0.0,0.0,0.0,-1.0
433912808,433912651,0.157807,0.0976939,-0.102246,0.223788,0.0,0.0,0.0,-1.0
434015211,434015078,0.0764452,-0.0324225,-0.124828,0.224637,0.0,0.0,0.0,-1.0
434116807,434116659,-0.00847151,0.122182,-0.0877341,0.224082,0.0,0.0,0.0,-1.0
434218394,434218235,0.189956,0.0935476,-0.0923154,0.229244,0.0,0.0,0.0,-1.0
434320003,434319877,0.00626153,-0.0211165,-0.214658,0.222159,0.0,0.0,0.0,-1.0
434421626,434421476,0.0116167,0.087156,-0.0458437,0.220066,0.0,0.0,0.0,-1.0
434524030,434523885,0.170669,0.0872049,-0.0712427,0.228153,0.0,0.0,0.0,-1.0
434625623,434625476,0.103233,-0.0362187,-0.138291,0.228189,0.0,0.0,0.0,-1.0
434727237,434727082,-0.125833,0.0921725,-0.032692,0.221596,0.0,0.0,0.0,-1.0
434828808,434828660,0.135355,0.0921212,0.0113545,0.222354,0.0,0.0,0.0,-1.0
434930427,434930282,-0.107486,0.084416,-0.153307,0.218008,0.0,0.0,0.0,-1.0
435028822,435028677,0.170146,0.00239078,-0.194902,0.2145,0.0,0.0,0.0,-1.0
435130402,435130259,-0.045604,0.0461892,-0.167758,0.217798,0.0,0.0,0.0,-1.0
435231987,435231835,-0.07143,0.0699285,-0.043856,0.215824,0.0,0.0,0.0,-1.0
435333620,435333476,0.0647625,-0.0798931,-0.173818,0.218942,0.0,0.0,0.0,-1.0
435435190,435435039,-0.101883,0.0983526,-0.0874743,0.215501,0.0,0.0,0.0,-1.0
435537639,435537484,0.218869,0.148015,-0.123933,0.215885,0.0,0.0,0.0,-1.0
435639273,435639075,0.0147957,0.0309467,-0.124479,0.210854,0.0,0.0,0.0,-1.0
435740830,435740677,0.0139923,0.0424647,0.00776374,0.20678,0.0,0.0,0.0,-1.0
435842417,435842262,0.0714514,-0.0753126,-0.160858,0.208331,0.0,0.0,0.0,-1.0
435944808,435944659,-0.0192582,0.117795,-0.049277,0.208427,0.0,0.0,0.0,-1.0
436046430,436046280,0.195552,0.057602,-0.151326,0.208304,0.0,0.0,0.0,-1.0
436148012,436147860,-0.156781,0.109493,-0.121145,0.209102,0.0,0.0,0.0,-1.0
436249623,436249477,0.0853376,-0.0403618,-0.104416,0.211845,0.0,0.0,0.0,-1.0
436351243,436351083,-0.0136111,0.0618416,-0.159821,0.211491,0.0,0.0,0.0,-1.0
436452832,436452677,0.0132075,0.0985478,-0.0445905,0.208019,0.0,0.0,0.0,-1.0
436555188,436555039,0.115071,-0.0795089,-0.16762,0.209737,0.0,0.0,0.0,-1.0
436652823,436652677,-0.0345145,0.107157,-0.0513046,0.210914,0.0,0.0,0.0,-1.0
436754423,436754276,0.198289,-0.0821396,-0.169671,0.211941,0.0,0.0,0.0,-1.0
436856038,436855882,-0.183374,0.0800019,-0.173208,0.211252,0.0,0.0,0.0,-1.0
436958437,436958280,0.141688,0.0563489,-0.083385,0.215558,0.0,0.0,0.0,-1.0
437060024,437059882,0.173972,-0.0402186,-0.1379,0.210551,0.0,0.0,0.0,-1.0
437161612,437161462,-0.0554091,-0.0172392,-0.198867,0.208714,0.0,0.0,0.0,-1.0
437263227,437263081,-0.106855,0.153509,-0.0848572,0.207456,0.0,0.0,0.0,-1.0
437364824,437364676,0.0781391,-0.041323,-0.138311,0.206581,0.0,0.0,0.0,-1.0
437466414,437466261,-0.0255963,0.0269861,-0.163745,0.203705,0.0,0.0,0.0,-1.0
437568794,437568658,0.0580005,0.0569277,-0.0348672,0.208565,0.0,0.0,0.0,-1.0
437670409,437670275,0.150969,-0.123464,-0.180911,0.206554,0.0,0.0,0.0,-1.0
437772012,437771874,0.0022824,0.122626,-0.0500127,0.208057,0.0,0.0,0.0,-1.0
437873636,437873483,0.100257,-0.0704848,-0.122289,0.204974,0.0,0.0,0.0,-1.0
437976028,437975878,-0.127145,0.0406589,-0.107411,0.2014,0.0,0.0,0.0,-1.0
438077612,438077461,0.218783,0.123568,-0.104304,0.205602,0.0,0.0,0.0,-1.0
438179249,438179045,-0.057943,0.180009,-0.00531305,0.202867,0.0,0.0,0.0,-1.0
438276821,438276676,-0.106842,0.00847261,-0.179928,0.202704,0.0,0.0,0.0,-1.0
438378435,438378282,0.149923,-0.0432627,-0.130779,0.201737,0.0,0.0,0.0,-1.0
438480013,438479860,0.0824855,0.0338924,0.0100186,0.206056,0.0,0.0,0.0,-1.0
438582438,438582283,0.0187843,0.0228678,-0.138728,0.210787,0.0,0.0,0.0,-1.0
438684024,438683879,0.0876358,0.0549463,-0.00737414,0.205829,0.0,0.0,0.0,-1.0
438785608,438785461,-0.190253,0.107668,-0.12699,0.207612,0.0,0.0,0.0,-1.0
438887236,438887085,0.216581,-0.0847373,-0.147649,0.20597,0.0,0.0,0.0,-1.0
438988821,438988676,0.117003,0.0405313,0.0151186,0.209468,0.0,0.0,0.0,-1.0
439091225,439091062,0.146366,-0.0472007,-0.137213,0.211028,0.0,0.0,0.0,-1.0
439192807,439192665,0.122609,0.0771759,0.0123086,0.211664,0.0,0.0,0.0,-1.0
439294431,439294279,0.00681876,0.0118522,-0.0989856,0.206835,0.0,0.0,0.0,-1.0
439396027,439395880,0.0322118,0.0944247,-0.0381387,0.206949,0.0,0.0,0.0,-1.0
439497594,439497461,-0.132082,0.0683262,-0.126827,0.206589,0.0,0.0,0.0,-1.0
439600017,439599881,0.13846,-0.0192001,-0.176762,0.209077,0.0,0.0,0.0,-1.0
439701633,439701484,-0.1375,0.0886432,-0.0786346,0.208162,0.0,0.0,0.0,-1.0
439803223,439803069,0.169449,-0.0436622,-0.132591,0.208504,0.0,0.0,0.0,-1.0
439900831,439900684,0.106753,0.0509474,-0.129556,0.21292,0.0,0.0,0.0,-1.0
440002423,440002279,-0.142823,-0.00553047,-0.112877,0.216388,0.0,0.0,0.0,-1.0
440104810,440104662,0.115661,-0.100885,-0.0549252,0.215075,0.0,0.0,0.0,-1.0
440206431,440206278,-0.0758976,-0.0260949,-0.203707,0.216425,0.0,0.0,0.0,-1.0
440307982,440307836,-0.0346298,0.0475792,-0.0846251,0.214633,0.0,0.0,0.0,-1.0
440409626,440409480,0.0776741,-0.0938252,-0.201237,0.205506,0.0,0.0,0.0,-1.0
440511216,440511059,-0.0205156,0.15616,-0.0405216,0.204452,0.0,0.0,0.0,-1.0
440613622,440613477,0.136222,0.169985,-0.0538324,0.21034,0.0,0.0,0.0,-1.0
440715223,440715075,0.0026588,-0.0142986,-0.136983,0.20566,0.0,0.0,0.0,-1.0
440816794,440816643,-0.20015,0.0861304,-0.100719,0.213198,0.0,0.0,0.0,-1.0
440918426,440918278,0.221987,0.0104837,-0.168582,0.206993,0.0,0.0,0.0,-1.0
441019996,441019843,0.0865713,0.0638585,-0.1587,0.206746,0.0,0.0,0.0,-1.0
441122393,441122260,-0.182213,0.0833408,-0.148958,0.201381,0.0,0.0,0.0,-1.0
441224020,441223881,0.128913,0.0391138,-0.0770411,0.209481,0.0,0.0,0.0,-1.0
441325612,441325477,-0.0448565,0.0312359,-0.155174,0.208124,0.0,0.0,0.0,-1.0
441427198,441427073,-0.126255,0.103782,-0.0198555,0.20831,0.0,0.0,0.0,-1.0
441524836,441524682,0.0687321,-0.0862232,-0.155908,0.203122,0.0,0.0,0.0,-1.0
441627229,441627082,-0.140943,0.115477,-0.0646405,0.198065,0.0,0.0,0.0,-1.0
441728824,441728678,0.0941948,-0.0792497,-0.0520804,0.197253,0.0,0.0,0.0,-1.0
441830390,441830234,-0.257466,0.0527773,-0.14243,0.196179,0.0,0.0,0.0,-1.0
441932020,441931879,0.291555,-0.107891,-0.186733,0.198044,0.0,0.0,0.0,-1.0
442033621,442033478,-0.0657714,0.0605773,-0.0780337,0.199771,0.0,0.0,0.0,-1.0
442135984,442135839,0.10762,0.0792453,-0.0147882,0.200315,0.0,0.0,0.0,-1.0
442237624,442237479,-0.177506,0.00193878,-0.140491,0.197869,0.0,0.0,0.0,-1.0
442339282,442339076,0.095642,0.0335014,-0.0860128,0.188316,0.0,0.0,0.0,-1.0
442440791,442440642,-0.0930023,0.0499259,-0.0902385,0.186098,0.0,0.0,0.0,-1.0
442542399,442542236,0.196179,0.0484438,-0.0788592,0.179155,0.0,0.0,0.0,-1.0
442644826,442644677,-0.201747,0.0779462,-0.241494,0.166626,0.0,0.0,0.0,-1.0
442746408,442746261,0.0629721,-0.104854,-0.203757,0.149871,0.0,0.0,0.0,-1.0
442847982,442847836,0.220623,0.0297102,-0.217936,0.12,0.0,0.0,0.0,-1.0
442949609,442949477,0.0385365,0.0672972,-0.274316,0.120048,0.0,0.0,0.0,-1.0
443051169,443051039,0.0707382,-0.00566368,-0.259897,0.12,0.0,0.0,0.0,-1.0
443149591,443149436,0.0377076,-0.0519576,-0.358531,0.12,0.0,0.0,0.0,-1.0
443251233,443251081,-0.0414756,0.0625282,-0.345408,0.12,0.0,0.0,0.0,-1.0
443352825,443352682,0.256956,0.04389,-0.283493,0.120012,0.0,0.0,0.0,-1.0
443454408,443454261,0.215361,0.0121859,-0.365934,0.12,0.0,0.0,0.0,-1.0
443556020,443555882,-0.0381846,-0.00793024,-0.356538,0.120616,0.0,0.0,0.0,-1.0
443658429,443658278,0.0468169,0.0260341,-0.397024,0.120202,0.0,0.0,0.0,-1.0
443760009,443759862,0.033886,0.00109493,-0.285036,0.12,0.0,0.0,0.0,-1.0
443861624,443861483,0.0997817,0.0653622,-0.252588,0.12,0.0,0.0,0.0,-1.0
443963240,443963080,0.0341416,0.0806463,-0.302408,0.12,0.0,0.0,0.0,-1.0
444065603,444065461,0.0191877,-0.00557066,-0.309182,0.12,0.0,0.0,0.0,-1.0
444167238,444167082,-0.0137207,0.01186,-0.253218,0.12,0.0,0.0,0.0,-1.0
444268821,444268676,0.0476931,-0.0500837,-0.278562,0.12,0.0,0.0,0.0,-1.0
444370440,444370281,0.0444353,-0.039419,-0.327649,0.12,0.0,0.0,0.0,-1.0
444472020,444471869,0.0657758,0.0665699,-0.367995,0.12,0.0,0.0,0.0,-1.0
444574417,444574280,0.115012,0.00984198,-0.316174,0.12,0.0,0.0,0.0,-1.0
444676008,444675880,-0.000446294,0.0246824,-0.328432,0.12,0.0,0.0,0.0,-1.0
444777586,444777460,0.0119113,0.00632998,-0.275096,0.12,0.0,0.0,0.0,-1.0
444879267,444879081,0.0359747,-0.0903956,-0.280888,0.12,0.0,0.0,0.0,-1.0
444981617,444981476,-0.00218565,-0.0111734,-0.307707,0.12,0.0,0.0,0.0,-1.0
445082407,445082278,0.105821,-0.0232563,-0.362611,0.12,0.0,0.0,0.0,-1.0
445184811,445184655,0.0488459,0.0796006,-0.31952,0.12,0.0,0.0,0.0,-1.0
445286415,445286265,-0.0077973,0.0822569,-0.319846,0.12,0.0,0.0,0.0,-1.0
445388019,445387880,0.0631785,-0.074473,-0.287707,0.12,0.0,0.0,0.0,-1.0
445489625,445489484,0.026533,-0.0621633,-0.317669,0.12,0.0,0.0,0.0,-1.0
445592029,445591881,0.0634446,-0.0423675,-0.323332,0.12,0.0,0.0,0.0,-1.0
445693620,445693477,0.035717,0.0663171,-0.385859,0.12,0.0,0.0,0.0,-1.0
445795198,445795042,0.0720317,0.0108534,-0.314178,0.12,0.0,0.0,0.0,-1.0
445892817,445892675,0.0142711,-0.0271021,-0.253731,0.12,0.0,0.0,0.0,-1.0
445994429,445994279,0.0699148,-0.0392903,-0.292133,0.12,0.0,0.0,0.0,-1.0
446096023,446095868,0.0380707,-0.0742657,-0.38029,0.12,0.0,0.0,0.0,-1.0
446198436,446198282,-0.00352333,0.000474222,-0.362762,0.12,0.0,0.0,0.0,-1.0
446300034,446299884,0.111278,-0.0442023,-0.344066,0.12,0.0,0.0,0.0,-1.0
446401605,446401462,0.0555446,-0.0237251,-0.350996,0.12,0.0,0.0,0.0,-1.0
446503191,446503044,0.0398503,0.0641572,-0.376526,0.12,0.0,0.0,0.0,-1.0
446605609,446605476,0.0965717,0.0282958,-0.357747,0.12,0.0,0.0,0.0,-1.0
446707188,446707060,0.0123884,0.0419916,-0.061325,0.08,0.0,0.0,0.0,-1.0
446808797,446808663,0.0383682,-0.0243927,-0.061698,0.08,0.0,0.0,0.0,-1.0
446910423,446910276,0.0343045,-0.0608693,-0.0878327,0.08,0.0,0.0,0.0,-1.0
447012021,447011879,0.0362767,0.020425,-0.0983632,0.08,0.0,0.0,0.0,-1.0
447113612,447113464,-0.00131229,0.0546193,-0.078646,0.08,0.0,0.0,0.0,-1.0
447216031,447215880,0.0557538,0.055787,-0.102121,0.08,0.0,0.0,0.0,-1.0
447317623,447317478,0.0650457,-0.0395648,-0.111566,0.0,0.0,0.0,0.0,-1.0
447419276,447419071,0.0610327,-0.0134909,-0.0909738,0.0,0.0,0.0,0.0,-1.0
447516829,447516683,0.0333584,-0.0162338,-0.110055,0.0,0.0,0.0,0.0,-1.0
447618420,447618276,0.0490939,0.0510664,-0.0823013,0.0,0.0,0.0,0.0,-1.0
447720812,447720662,0.0300493,-0.0354094,-0.0976189,0.0,0.0,0.0,0.0,-1.0
447822387,447822235,0.0402674,0.0179233,-0.0995542,0.0,0.0,0.0,0.0,-1.0
447924021,447923877,0.0740335,-0.00642542,-0.0910533,0.0,0.0,0.0,0.0,-1.0
448025620,448025478,0.0415976,0.010071,-0.106145,0.0,0.0,0.0,0.0,-1.0
448127214,448127062,0.0235381,-0.00638827,-0.100413,0.0,0.0,0.0,0.0,-1.0
448229617,448229480,0.0601721,0.0227694,-0.0682293,0.0,0.0,0.0,0.0,-1.0
448331220,448331082,0.0274538,-0.0325834,0.00941007,0.0,0.0,0.0,0.0,-1.0
448432778,448432641,0.0112585,-0.0250162,-0.00243409,0.0,0.0,0.0,0.0,-1.0
448534374,448534235,0.0138461,-0.0417167,-0.00899705,0.0,0.0,0.0,0.0,-1.0
448636010,448635881,0.0105297,-0.0212748,0.00426756,0.0,0.0,0.0,0.0,-1.0
448738409,448738262,-0.00112582,-0.0395774,-0.00451883,0.0,0.0,0.0,0.0,-1.0
448840035,448839880,0.0155371,-0.0415852,0.0056903,0.0,0.0,0.0,0.0,-1.0
448941628,448941478,0.0109521,-0.0385093,0.00492045,0.0,0.0,0.0,0.0,-1.0
449043189,449043040,0.015008,-0.0304577,0.00461434,0.0,0.0,0.0,0.0,-1.0
449141621,449141479,0.0182726,-0.0334934,-0.00521971,0.0,0.0,0.0,0.0,-1.0
449243234,449243082,0.00940684,-0.030934,0.00186543,0.0,0.0,0.0,0.0,-1.0
